list_array[task_number:patterncount],	Screen_X,	Screen_Y,		date,		data_Length	player_name	total_distance,	include_count
8194;null;null;;False;0
8220;null;null;;False;0
8226;null;null;;False;0
8229;null;null;;False;0
8234;null;null;;False;0
8238;null;null;;False;0
8243;null;null;;False;0
8247;null;null;;False;0
8251;null;null;;False;0
8255;null;null;;False;0
8260;null;null;;False;0
8265;null;null;;False;0
8269;null;null;;False;0
8273;null;null;;False;0
8278;null;null;;False;0
8282;null;null;;False;0
8287;null;null;;False;0
8293;null;null;;False;0
8297;null;null;;False;0
8301;null;null;;False;0
8306;null;null;;False;0
8310;null;null;;False;0
8315;null;null;;False;0
8319;null;null;;False;0
8324;null;null;;False;0
8328;null;null;;False;0
8332;null;null;;False;0
8336;null;null;;False;0
8342;null;null;;False;0
8357;null;null;;False;0
8372;null;null;;False;0
8375;null;null;;False;0
8381;null;null;;False;0
8386;null;null;;False;0
8390;null;null;;False;0
8396;null;null;;False;0
8400;null;null;;False;0
8404;null;null;;False;0
8408;null;null;;False;0
8413;null;null;;False;0
8417;null;null;;False;0
8421;null;null;;False;0
8425;null;null;;False;0
8429;null;null;;False;0
8434;null;null;;False;0
8439;null;null;;False;0
8444;null;null;;False;0
8448;null;null;;False;0
8452;null;null;;False;0
8456;null;null;;False;0
8460;null;null;;False;0
8464;null;null;;False;0
8468;null;null;;False;0
8472;null;null;;False;0
8477;null;null;;False;0
8482;null;null;;False;0
8486;null;null;;False;0
8490;null;null;;False;0
8494;null;null;;False;0
8498;null;null;;False;0
8502;null;null;;False;0
8506;null;null;;False;0
8510;null;null;;False;0
8515;null;null;;False;0
8518;null;null;;False;0
8522;null;null;;False;0
8527;null;null;;False;0
8531;null;null;;False;0
8535;null;null;;False;0
8538;null;null;;False;0
8542;null;null;;False;0
8547;null;null;;False;0
8551;null;null;;False;0
8555;null;null;;False;0
8559;null;null;;False;0
8563;null;null;;False;0
8566;null;null;;False;0
8570;null;null;;False;0
8575;null;null;;False;0
8579;null;null;;False;0
8583;null;null;;False;0
8587;null;null;;False;0
8592;null;null;;False;0
8598;null;null;;False;0
8601;null;null;;False;0
8605;null;null;;False;0
8611;null;null;;False;0
8615;null;null;;False;0
8619;null;null;;False;0
8623;null;null;;False;0
8627;null;null;;False;0
8631;null;null;;False;0
8635;null;null;;False;0
8639;null;null;;False;0
8643;null;null;;False;0
8648;null;null;;False;0
8654;null;null;;False;0
8659;null;null;;False;0
8666;null;null;;False;0
8671;null;null;;False;0
8674;null;null;;False;0
8682;null;null;;False;0
8688;null;null;;False;0
8691;null;null;;False;0
8698;null;null;;False;0
8704;null;null;;False;0
8706;null;null;;False;0
8713;null;null;;False;0
8718;null;null;;False;0
8720;null;null;;False;0
8727;null;null;;False;0
8730;null;null;;False;0
8734;null;null;;False;0
8738;null;null;;False;0
8742;null;null;;False;0
8746;null;null;;False;0
8751;null;null;;False;0
8754;null;null;;False;0
8758;null;null;;False;0
8766;null;null;;False;0
8768;null;null;;False;0
8772;null;null;;False;0
8777;null;null;;False;0
8781;null;null;;False;0
8784;null;null;;False;0
8788;null;null;;False;0
8793;null;null;;False;0
8797;null;null;;False;0
8801;null;null;;False;0
8805;null;null;;False;0
8809;null;null;;False;0
8814;null;null;;False;0
8818;null;null;;False;0
8825;null;null;;False;0
8828;null;null;;False;0
8832;null;null;;False;0
8837;null;null;;False;0
8841;null;null;;False;0
8846;null;null;;False;0
8850;null;null;;False;0
8856;null;null;;False;0
8864;null;null;;False;0
8867;null;null;;False;0
8871;null;null;;False;0
8876;null;null;;False;0
8881;null;null;;False;0
8885;null;null;;False;0
8890;null;null;;False;0
8895;null;null;;False;0
8900;null;null;;False;0
8904;null;null;;False;1
8916;null;null;;False;1
8920;null;null;;False;1
8926;null;null;;False;1
8930;null;null;;False;1
8935;null;null;;False;1
8940;null;null;;False;1
8944;null;null;;False;1
8949;null;null;;False;1
8953;null;null;;False;1
8968;null;null;;False;1
8977;null;null;;False;1
8982;null;null;;False;1
8987;null;null;;False;1
8993;null;null;;False;1
8998;null;null;;False;1
9003;null;null;;False;1
9008;null;null;;False;1
9013;null;null;;False;1
9017;null;null;;False;1
9021;null;null;;False;1
9025;null;null;;False;1
9029;null;null;;False;1
9033;null;null;;False;1
9037;null;null;;False;1
9042;null;null;;False;1
9045;null;null;;False;1
9050;null;null;;False;1
9053;null;null;;False;1
9057;null;null;;False;1
9061;null;null;;False;1
9065;null;null;;False;1
9069;null;null;;False;1
9073;null;null;;False;1
9079;null;null;;False;1
9082;null;null;;False;1
9087;null;null;;False;1
9090;null;null;;False;1
9096;null;null;;False;1
9101;null;null;;False;1
9104;null;null;;False;1
9110;null;null;;False;1
9113;null;null;;False;1
9116;null;null;;False;1
9119;null;null;;False;1
9126;null;null;;False;1
9129;null;null;;False;1
9135;null;null;;False;1
9138;null;null;;False;1
9144;null;null;;False;1
9147;null;null;;False;1
9151;null;null;;False;1
9155;null;null;;False;1
9160;null;null;;False;1
9164;null;null;;False;1
9168;null;null;;False;1
9171;null;null;;False;1
9176;null;null;;False;1
9180;null;null;;False;1
9184;null;null;;False;1
9190;null;null;;False;1
9193;null;null;;False;1
9197;null;null;;False;1
9201;null;null;;False;1
9205;null;null;;False;1
9211;null;null;;False;1
9216;null;null;;False;1
9221;null;null;;False;1
9226;null;null;;False;1
9231;null;null;;False;1
9238;null;null;;False;1
9240;null;null;;False;1
9246;null;null;;False;1
9251;null;null;;False;1
9256;null;null;;False;1
9262;null;null;;False;1
9267;null;null;;False;1
9271;null;null;;False;1
9277;null;null;;False;1
9283;null;null;;False;1
9289;null;null;;False;1
9296;null;null;;False;1
9305;null;null;;False;1
9309;null;null;;False;1
9315;null;null;;False;1
9321;null;null;;False;1
9328;null;null;;False;1
9334;null;null;;False;1
9340;null;null;;False;1
9346;null;null;;False;1
9353;null;null;;False;1
9359;null;null;;False;1
9366;null;null;;False;1
9372;null;null;;False;1
9378;null;null;;False;2
9391;null;null;;False;2
9394;null;null;;False;2
9397;null;null;;False;2
9401;null;null;;False;2
9406;null;null;;False;2
9411;null;null;;False;2
9416;null;null;;False;2
9432;null;null;;False;2
9435;null;null;;False;2
9440;null;null;;False;2
9445;null;null;;False;2
9449;null;null;;False;2
9453;null;null;;False;2
9459;null;null;;False;2
9465;null;null;;False;2
9469;null;null;;False;2
9475;null;null;;False;2
9483;null;null;;False;2
9489;null;null;;False;2
9494;null;null;;False;2
9498;null;null;;False;2
9503;null;null;;False;2
9507;null;null;;False;2
9512;null;null;;False;2
9517;null;null;;False;2
9520;null;null;;False;2
9525;null;null;;False;2
9529;null;null;;False;2
9533;null;null;;False;2
9537;null;null;;False;2
9541;null;null;;False;2
9547;null;null;;False;2
9549;null;null;;False;2
9554;null;null;;False;2
9558;null;null;;False;2
9562;null;null;;False;2
9566;null;null;;False;2
9570;null;null;;False;2
9575;null;null;;False;2
9583;null;null;;False;2
9586;null;null;;False;2
9590;null;null;;False;2
9595;null;null;;False;2
9600;null;null;;False;2
9604;null;null;;False;2
9607;null;null;;False;2
9612;null;null;;False;2
9616;null;null;;False;2
9620;null;null;;False;2
9624;null;null;;False;2
9628;null;null;;False;2
9632;null;null;;False;2
9638;null;null;;False;2
9644;null;null;;False;2
9649;null;null;;False;2
9654;null;null;;False;2
9659;null;null;;False;2
9666;null;null;;False;2
9669;null;null;;False;2
9674;null;null;;False;2
9680;null;null;;False;2
9688;null;null;;False;2
9691;null;null;;False;2
9697;null;null;;False;2
9703;null;null;;False;2
9709;null;null;;False;2
9715;null;null;;False;2
9721;null;null;;False;2
9727;null;null;;False;2
9732;null;null;;False;2
9737;null;null;;False;3
9750;null;null;;False;3
9754;null;null;;False;3
9759;null;null;;False;3
9764;null;null;;False;3
9768;null;null;;False;3
9773;null;null;;False;3
9778;null;null;;False;3
9788;null;null;;False;3
9791;null;null;;False;3
9797;null;null;;False;3
9803;null;null;;False;3
9807;null;null;;False;3
9813;null;null;;False;3
9818;null;null;;False;3
9825;null;null;;False;3
9831;null;null;;False;3
9835;null;null;;False;3
9842;null;null;;False;3
9848;null;null;;False;3
9854;null;null;;False;3
9860;null;null;;False;3
9868;null;null;;False;3
9874;null;null;;False;3
9895;null;null;;False;3
9909;null;null;;False;3
9919;null;null;;False;3
9922;null;null;;False;3
9931;null;null;;False;3
9939;null;null;;False;3
9944;null;null;;False;3
9951;null;null;;False;3
9954;null;null;;False;3
9959;null;null;;False;3
9965;null;null;;False;3
9969;null;null;;False;3
9974;null;null;;False;3
9978;null;null;;False;3
9983;null;null;;False;3
9987;null;null;;False;3
9993;null;null;;False;3
9996;null;null;;False;3
10002;null;null;;False;3
10005;null;null;;False;3
10010;null;null;;False;3
10014;null;null;;False;3
10018;null;null;;False;3
10024;null;null;;False;3
10028;null;null;;False;3
10032;null;null;;False;3
10037;null;null;;False;3
10040;null;null;;False;3
10045;null;null;;False;3
10048;null;null;;False;3
10053;null;null;;False;3
10060;null;null;;False;3
10064;null;null;;False;3
10069;null;null;;False;3
10075;null;null;;False;3
10082;null;null;;False;3
10084;null;null;;False;3
10088;null;null;;False;3
10093;null;null;;False;3
10098;null;null;;False;3
10102;null;null;;False;3
10106;null;null;;False;3
10111;null;null;;False;3
10115;null;null;;False;3
10120;null;null;;False;3
10124;null;null;;False;3
10129;null;null;;False;3
10133;null;null;;False;3
10138;null;null;;False;3
10142;null;null;;False;3
10147;null;null;;False;3
10151;null;null;;False;3
10156;null;null;;False;3
10160;null;null;;False;3
10172;null;null;;False;3
10176;null;null;;False;3
10183;null;null;;False;3
10202;null;null;;False;3
10210;null;null;;False;3
10217;null;null;;False;3
10221;null;null;;False;3
10224;null;null;;False;3
10232;null;null;;False;3
10235;null;null;;False;3
10240;null;null;;False;3
10247;null;null;;False;3
10250;null;null;;False;3
10255;null;null;;False;3
10259;null;null;;False;3
10265;null;null;;False;3
10271;null;null;;False;3
10274;null;null;;False;3
10279;null;null;;False;3
10286;null;null;;False;3
10289;null;null;;False;3
10296;null;null;;False;3
10300;null;null;;False;3
10304;null;null;;False;3
10312;null;null;;False;3
10316;null;null;;False;3
10322;null;null;;False;3
10326;null;null;;False;3
10331;null;null;;False;3
10335;null;null;;False;3
10341;null;null;;False;3
10348;null;null;;False;3
10352;null;null;;False;3
10357;null;null;;False;3
10361;null;null;;False;3
10365;null;null;;False;3
10369;null;null;;False;3
10373;null;null;;False;3
10377;null;null;;False;3
10381;null;null;;False;3
10386;null;null;;False;3
10390;null;null;;False;3
10395;null;null;;False;3
10402;null;null;;False;3
10404;null;null;;False;3
10409;null;null;;False;3
10413;null;null;;False;3
10418;null;null;;False;3
10422;null;null;;False;3
10426;null;null;;False;3
10430;null;null;;False;3
10435;null;null;;False;3
10439;null;null;;False;3
10444;null;null;;False;3
10448;null;null;;False;3
10452;null;null;;False;3
10456;null;null;;False;3
10461;null;null;;False;3
10466;null;null;;False;3
10470;null;null;;False;3
10474;null;null;;False;3
10478;null;null;;False;3
10483;null;null;;False;3
10487;null;null;;False;4
10499;null;null;;False;4
10503;null;null;;False;4
10508;null;null;;False;4
10513;null;null;;False;4
10517;null;null;;False;4
10522;null;null;;False;4
10527;null;null;;False;4
10531;null;null;;False;4
10536;null;null;;False;4
10540;null;null;;False;4
10545;null;null;;False;4
10550;null;null;;False;4
10554;null;null;;False;4
10560;null;null;;False;4
10565;null;null;;False;4
10569;null;null;;False;4
10574;null;null;;False;4
10579;null;null;;False;4
10583;null;null;;False;4
10594;null;null;;False;4
10597;null;null;;False;4
10601;null;null;;False;4
10607;null;null;;False;4
10612;null;null;;False;4
10617;null;null;;False;4
10622;null;null;;False;4
10626;null;null;;False;4
10630;null;null;;False;4
10636;null;null;;False;4
10642;null;null;;False;4
10661;null;null;;False;4
10664;null;null;;False;4
10669;null;null;;False;4
10674;null;null;;False;4
10679;null;null;;False;4
10683;null;null;;False;4
10688;null;null;;False;4
10692;null;null;;False;4
10697;null;null;;False;4
10702;null;null;;False;4
10706;null;null;;False;4
10711;null;null;;False;4
10715;null;null;;False;4
10720;null;null;;False;4
10724;null;null;;False;4
10728;null;null;;False;4
10733;null;null;;False;4
10737;null;null;;False;4
10741;null;null;;False;4
10746;null;null;;False;4
10751;null;null;;False;4
10755;null;null;;False;4
10760;null;null;;False;4
10765;null;null;;False;4
10768;null;null;;False;4
10773;null;null;;False;4
10777;null;null;;False;4
10781;null;null;;False;4
10785;null;null;;False;4
10789;null;null;;False;4
10794;null;null;;False;4
10798;null;null;;False;4
10803;null;null;;False;4
10806;null;null;;False;4
10810;null;null;;False;4
10815;null;null;;False;4
10819;null;null;;False;4
10823;null;null;;False;4
10828;null;null;;False;4
10832;null;null;;False;4
10836;null;null;;False;4
10840;null;null;;False;4
10845;null;null;;False;4
10849;null;null;;False;4
10854;null;null;;False;4
10859;null;null;;False;4
10865;null;null;;False;4
10869;null;null;;False;4
10872;null;null;;False;4
10879;null;null;;False;4
10883;null;null;;False;4
10888;null;null;;False;4
10893;null;null;;False;4
10897;null;null;;False;4
10903;null;null;;False;4
10906;null;null;;False;4
10913;null;null;;False;4
10917;null;null;;False;4
10920;null;null;;False;4
10927;null;null;;False;4
10931;null;null;;False;4
10936;null;null;;False;4
10941;null;null;;False;4
10945;null;null;;False;4
10950;null;null;;False;4
10954;null;null;;False;4
10960;null;null;;False;4
10964;null;null;;False;4
10968;null;null;;False;4
10972;null;null;;False;4
10977;null;null;;False;4
10981;null;null;;False;4
10985;null;null;;False;4
10989;null;null;;False;4
10994;null;null;;False;4
10998;null;null;;False;4
11002;null;null;;False;4
11006;null;null;;False;4
11011;null;null;;False;4
11016;null;null;;False;4
11024;null;null;;False;4
11027;null;null;;False;4
11031;null;null;;False;4
11035;null;null;;False;4
11039;null;null;;False;4
11044;null;null;;False;4
11048;null;null;;False;4
11052;null;null;;False;4
11056;null;null;;False;4
11061;null;null;;False;4
11066;null;null;;False;4
11071;null;null;;False;4
11076;null;null;;False;4
11081;null;null;;False;4
11086;null;null;;False;4
11090;null;null;;False;4
11095;null;null;;False;4
11108;null;null;;False;4
11113;null;null;;False;4
11118;null;null;;False;4
11123;null;null;;False;4
11127;null;null;;False;4
11134;null;null;;False;4
11138;null;null;;False;4
11143;null;null;;False;4
11149;null;null;;False;4
11153;null;null;;False;4
11157;null;null;;False;4
11161;null;null;;False;4
11166;null;null;;False;4
11169;null;null;;False;4
11175;null;null;;False;4
11182;null;null;;False;4
11185;null;null;;False;4
11189;null;null;;False;4
11194;null;null;;False;4
11204;null;null;;False;4
11207;null;null;;False;4
11214;null;null;;False;4
11218;null;null;;False;4
11224;null;null;;False;4
11227;null;null;;False;4
11232;null;null;;False;4
11236;null;null;;False;4
11240;null;null;;False;4
11247;null;null;;False;4
11262;null;null;;False;4
11270;null;null;;False;4
11275;null;null;;False;4
11280;null;null;;False;4
11285;null;null;;False;4
11289;null;null;;False;4
11294;null;null;;False;4
11299;null;null;;False;4
11304;null;null;;False;4
11311;null;null;;False;4
11315;null;null;;False;4
11318;null;null;;False;4
11322;null;null;;False;4
11327;null;null;;False;4
11331;null;null;;False;4
11336;null;null;;False;4
11340;null;null;;False;4
11344;null;null;;False;4
11348;null;null;;False;4
11352;null;null;;False;4
11356;null;null;;False;4
11360;null;null;;False;4
11364;null;null;;False;4
11369;null;null;;False;4
11374;null;null;;False;4
11379;null;null;;False;4
11383;null;null;;False;4
11387;null;null;;False;4
11392;null;null;;False;4
11397;null;null;;False;4
11401;null;null;;False;5
11411;null;null;;False;5
11415;null;null;;False;5
11419;null;null;;False;5
11424;null;null;;False;5
11431;null;null;;False;5
11435;null;null;;False;5
11439;null;null;;False;5
11446;null;null;;False;5
11449;null;null;;False;5
11454;null;null;;False;5
11458;null;null;;False;5
11463;null;null;;False;5
11468;null;null;;False;5
11472;null;null;;False;5
11478;null;null;;False;5
11481;null;null;;False;5
11486;null;null;;False;5
11490;null;null;;False;5
11497;null;null;;False;5
11500;null;null;;False;5
11504;null;null;;False;5
11511;null;null;;False;5
11515;null;null;;False;5
11519;null;null;;False;5
11524;null;null;;False;5
11529;null;null;;False;5
11533;null;null;;False;5
11537;null;null;;False;5
11542;null;null;;False;5
11547;null;null;;False;5
11553;null;null;;False;5
11569;null;null;;False;5
11581;null;null;;False;5
11584;null;null;;False;5
11590;null;null;;False;5
11597;null;null;;False;5
11600;null;null;;False;5
11614;null;null;;False;5
11616;null;null;;False;5
11623;null;null;;False;5
11627;null;null;;False;5
11633;null;null;;False;5
11639;null;null;;False;5
11642;null;null;;False;5
11648;null;null;;False;5
11653;null;null;;False;5
11657;null;null;;False;5
11663;null;null;;False;5
11667;null;null;;False;5
11672;null;null;;False;5
11677;null;null;;False;5
11681;null;null;;False;5
11686;null;null;;False;5
11691;null;null;;False;5
11697;null;null;;False;5
11701;null;null;;False;5
11705;null;null;;False;5
11710;null;null;;False;5
11715;null;null;;False;5
11720;null;null;;False;5
11725;null;null;;False;5
11729;null;null;;False;5
11734;null;null;;False;5
11738;null;null;;False;5
11743;null;null;;False;5
11748;null;null;;False;5
11752;null;null;;False;5
11757;null;null;;False;5
11761;null;null;;False;5
11766;null;null;;False;5
11771;null;null;;False;5
11776;null;null;;False;5
11782;null;null;;False;5
11785;null;null;;False;5
11790;null;null;;False;5
11795;null;null;;False;5
11799;null;null;;False;5
11803;null;null;;False;5
11807;null;null;;False;5
11813;null;null;;False;5
11817;null;null;;False;5
11821;null;null;;False;5
11825;null;null;;False;5
11830;null;null;;False;5
11834;null;null;;False;5
11839;null;null;;False;5
11843;null;null;;False;5
11847;null;null;;False;5
11851;null;null;;False;5
11855;null;null;;False;5
11860;null;null;;False;5
11864;null;null;;False;5
11868;null;null;;False;5
11872;null;null;;False;5
11877;null;null;;False;5
11881;null;null;;False;5
11886;null;null;;False;5
11889;null;null;;False;5
11894;null;null;;False;5
11899;null;null;;False;5
11904;null;null;;False;5
11908;null;null;;False;5
11913;null;null;;False;5
11918;null;null;;False;5
11922;null;null;;False;5
11927;null;null;;False;5
11933;null;null;;False;5
11937;null;null;;False;5
11942;null;null;;False;5
11947;null;null;;False;5
11953;null;null;;False;5
11957;null;null;;False;5
11961;null;null;;False;5
11966;null;null;;False;5
11969;null;null;;False;5
11973;null;null;;False;5
11978;null;null;;False;5
11983;null;null;;False;5
11988;null;null;;False;5
11991;null;null;;False;5
11999;null;null;;False;5
12001;null;null;;False;5
12008;null;null;;False;5
12013;null;null;;False;5
12016;null;null;;False;5
12022;null;null;;False;5
12026;null;null;;False;5
12032;null;null;;False;5
12037;null;null;;False;5
12040;null;null;;False;5
12047;null;null;;False;5
12050;null;null;;False;5
12055;null;null;;False;5
12061;null;null;;False;5
12065;null;null;;False;5
12071;null;null;;False;5
12074;null;null;;False;5
12080;null;null;;False;5
12084;null;null;;False;5
12088;null;null;;False;5
12092;null;null;;False;5
12097;null;null;;False;5
12101;null;null;;False;5
12105;null;null;;False;5
12110;null;null;;False;5
12115;null;null;;False;5
12118;null;null;;False;5
12123;null;null;;False;5
12128;null;null;;False;5
12132;null;null;;False;5
12136;null;null;;False;5
12140;null;null;;False;5
12145;null;null;;False;5
12149;null;null;;False;5
12153;null;null;;False;5
12162;null;null;;False;5
12164;null;null;;False;5
12168;null;null;;False;5
12173;null;null;;False;5
12177;null;null;;False;5
12182;null;null;;False;5
12186;null;null;;False;5
12190;null;null;;False;5
12195;null;null;;False;5
12200;null;null;;False;5
12204;null;null;;False;5
12208;null;null;;False;5
12213;null;null;;False;5
12217;null;null;;False;5
12222;null;null;;False;5
12226;null;null;;False;5
12233;null;null;;False;5
12238;null;null;;False;5
12241;null;null;;False;5
12246;null;null;;False;5
12253;null;null;;False;5
12265;null;null;;False;5
12273;null;null;;False;5
12280;null;null;;False;5
12288;null;null;;False;5
12302;null;null;;False;5
12307;null;null;;False;5
12312;null;null;;False;5
12317;null;null;;False;5
12332;null;null;;False;5
12341;null;null;;False;5
12348;null;null;;False;5
12352;null;null;;False;5
12357;null;null;;False;5
12361;null;null;;False;5
12367;null;null;;False;5
12369;null;null;;False;5
12374;null;null;;False;5
12380;null;null;;False;5
12383;null;null;;False;5
12388;null;null;;False;5
12391;null;null;;False;5
12397;null;null;;False;5
12400;null;null;;False;5
12406;null;null;;False;5
12409;null;null;;False;5
12418;null;null;;False;5
12420;null;null;;False;5
12425;null;null;;False;5
12430;null;null;;False;5
12434;null;null;;False;5
12438;null;null;;False;5
12443;null;null;;False;5
12447;null;null;;False;5
12451;null;null;;False;5
12454;null;null;;False;5
12459;null;null;;False;5
12463;null;null;;False;5
12467;null;null;;False;5
12470;null;null;;False;5
12475;null;null;;False;5
12481;null;null;;False;5
12483;null;null;;False;5
12487;null;null;;False;5
12491;null;null;;False;5
12495;null;null;;False;5
12499;null;null;;False;5
12502;null;null;;False;5
12506;null;null;;False;5
12511;null;null;;False;5
12514;null;null;;False;5
12518;null;null;;False;5
12523;null;null;;False;5
12527;null;null;;False;5
12530;null;null;;False;5
12534;null;null;;False;5
12538;null;null;;False;5
12542;null;null;;False;5
12546;null;null;;False;5
12550;null;null;;False;5
12554;null;null;;False;5
12558;null;null;;False;5
12562;null;null;;False;5
12566;null;null;;False;5
12571;null;null;;False;6
12580;null;null;;False;6
12586;null;null;;False;6
12589;null;null;;False;6
12595;null;null;;False;6
12599;null;null;;False;6
12604;null;null;;False;6
12609;null;null;;False;6
12614;null;null;;False;6
12623;null;null;;False;6
12639;null;null;;False;6
12648;null;null;;False;6
12653;null;null;;False;6
12658;null;null;;False;6
12664;null;null;;False;6
12668;null;null;;False;6
12672;null;null;;False;6
12679;null;null;;False;6
12683;null;null;;False;6
12687;null;null;;False;6
12691;null;null;;False;6
12696;null;null;;False;6
12700;null;null;;False;6
12705;null;null;;False;6
12711;null;null;;False;6
12715;null;null;;False;6
12720;null;null;;False;6
12725;null;null;;False;6
12731;null;null;;False;6
12737;null;null;;False;6
12743;null;null;;False;6
12748;null;null;;False;6
12755;null;null;;False;6
12761;null;null;;False;6
12766;null;null;;False;6
12771;null;null;;False;6
12776;null;null;;False;6
12780;null;null;;False;6
12785;null;null;;False;6
12790;null;null;;False;6
12795;null;null;;False;6
12799;null;null;;False;6
12803;null;null;;False;6
12807;null;null;;False;6
12812;null;null;;False;6
12816;null;null;;False;6
12821;null;null;;False;6
12825;null;null;;False;6
12830;null;null;;False;6
12834;null;null;;False;6
12840;null;null;;False;6
12846;null;null;;False;6
12849;null;null;;False;6
12854;null;null;;False;6
12858;null;null;;False;6
12865;null;null;;False;6
12869;null;null;;False;6
12872;null;null;;False;6
12878;null;null;;False;6
12881;null;null;;False;6
12888;null;null;;False;6
12893;null;null;;False;6
12897;null;null;;False;6
12904;null;null;;False;6
12907;null;null;;False;6
12913;null;null;;False;6
12918;null;null;;False;6
12920;null;null;;False;6
12927;null;null;;False;6
12933;null;null;;False;6
12936;null;null;;False;6
12942;null;null;;False;6
12946;null;null;;False;6
12951;null;null;;False;6
12956;null;null;;False;6
12960;null;null;;False;6
12966;null;null;;False;6
12969;null;null;;False;6
12974;null;null;;False;6
12979;null;null;;False;6
12983;null;null;;False;6
12987;null;null;;False;6
12992;null;null;;False;6
12997;null;null;;False;6
13001;null;null;;False;6
13006;null;null;;False;6
13011;null;null;;False;6
13015;null;null;;False;6
13019;null;null;;False;6
13023;null;null;;False;6
13029;null;null;;False;6
13033;null;null;;False;6
13040;null;null;;False;6
13043;null;null;;False;6
13047;null;null;;False;6
13051;null;null;;False;6
13057;null;null;;False;6
13061;null;null;;False;6
13066;null;null;;False;6
13070;null;null;;False;6
13075;null;null;;False;6
13080;null;null;;False;6
13084;null;null;;False;6
13089;null;null;;False;6
13093;null;null;;False;6
13097;null;null;;False;6
13101;null;null;;False;6
13106;null;null;;False;6
13118;null;null;;False;6
13122;null;null;;False;6
13127;null;null;;False;6
13131;null;null;;False;6
13137;null;null;;False;6
13141;null;null;;False;6
13145;null;null;;False;6
13150;null;null;;False;6
13154;null;null;;False;6
13159;null;null;;False;6
13163;null;null;;False;6
13168;null;null;;False;6
13172;null;null;;False;6
13177;null;null;;False;6
13182;null;null;;False;6
13185;null;null;;False;6
13191;null;null;;False;6
13194;null;null;;False;6
13200;null;null;;False;6
13203;null;null;;False;6
13208;null;null;;False;6
13211;null;null;;False;6
13216;null;null;;False;6
13218;null;null;;False;6
13224;null;null;;False;6
13232;null;null;;False;6
13248;null;null;;False;6
13257;null;null;;False;6
13263;null;null;;False;6
13267;null;null;;False;6
13271;null;null;;False;6
13275;null;null;;False;6
13280;null;null;;False;6
13284;null;null;;False;6
13288;null;null;;False;6
13293;null;null;;False;6
13298;null;null;;False;6
13301;null;null;;False;6
13305;null;null;;False;6
13311;null;null;;False;6
13315;null;null;;False;6
13318;null;null;;False;6
13322;null;null;;False;6
13327;null;null;;False;6
13330;null;null;;False;6
13334;null;null;;False;6
13338;null;null;;False;6
13342;null;null;;False;6
13346;null;null;;False;6
13350;null;null;;False;6
13354;null;null;;False;6
13359;null;null;;False;6
13363;null;null;;False;6
13367;null;null;;False;6
13370;null;null;;False;6
13376;null;null;;False;6
13383;null;null;;False;6
13385;null;null;;False;6
13389;null;null;;False;6
13393;null;null;;False;6
13397;null;null;;False;6
13401;null;null;;False;6
13407;null;null;;False;6
13410;null;null;;False;6
13414;null;null;;False;6
13418;null;null;;False;6
13423;null;null;;False;6
13427;null;null;;False;6
13431;null;null;;False;6
13435;null;null;;False;6
13439;null;null;;False;6
13444;null;null;;False;6
13447;null;null;;False;6
13452;null;null;;False;6
13456;null;null;;False;6
13460;null;null;;False;6
13464;null;null;;False;6
13469;null;null;;False;6
13473;null;null;;False;6
13477;null;null;;False;6
13482;null;null;;False;7
13491;null;null;;False;7
13496;null;null;;False;7
13501;null;null;;False;7
13507;null;null;;False;7
13511;null;null;;False;7
13516;null;null;;False;7
13520;null;null;;False;7
13526;null;null;;False;7
13531;null;null;;False;7
13538;null;null;;False;7
13559;null;null;;False;7
13569;null;null;;False;7
13574;null;null;;False;7
13579;null;null;;False;7
13585;null;null;;False;7
13589;null;null;;False;7
13595;null;null;;False;7
13598;null;null;;False;7
13603;null;null;;False;7
13607;null;null;;False;7
13613;null;null;;False;7
13617;null;null;;False;7
13621;null;null;;False;7
13626;null;null;;False;7
13636;null;null;;False;7
13639;null;null;;False;7
13644;null;null;;False;7
13650;null;null;;False;7
13654;null;null;;False;7
13659;null;null;;False;7
13664;null;null;;False;7
13668;null;null;;False;7
13673;null;null;;False;7
13677;null;null;;False;7
13681;null;null;;False;7
13686;null;null;;False;7
13691;null;null;;False;7
13695;null;null;;False;7
13700;null;null;;False;7
13704;null;null;;False;7
13709;null;null;;False;7
13713;null;null;;False;7
13717;null;null;;False;7
13722;null;null;;False;7
13727;null;null;;False;7
13731;null;null;;False;7
13736;null;null;;False;7
13740;null;null;;False;7
13745;null;null;;False;7
13749;null;null;;False;7
13754;null;null;;False;7
13758;null;null;;False;7
13763;null;null;;False;7
13767;null;null;;False;7
13771;null;null;;False;7
13776;null;null;;False;7
13780;null;null;;False;7
13785;null;null;;False;7
13789;null;null;;False;7
13794;null;null;;False;7
13799;null;null;;False;7
13803;null;null;;False;7
13807;null;null;;False;7
13811;null;null;;False;7
13816;null;null;;False;7
13820;null;null;;False;7
13824;null;null;;False;7
13829;null;null;;False;7
13833;null;null;;False;7
13838;null;null;;False;7
13842;null;null;;False;7
13847;null;null;;False;7
13851;null;null;;False;7
13856;null;null;;False;7
13861;null;null;;False;7
13865;null;null;;False;7
13871;null;null;;False;7
13874;null;null;;False;7
13881;null;null;;False;7
13886;null;null;;False;7
13889;null;null;;False;7
13896;null;null;;False;7
13901;null;null;;False;7
13905;null;null;;False;7
13911;null;null;;False;7
13915;null;null;;False;7
13920;null;null;;False;7
13925;null;null;;False;7
13929;null;null;;False;7
13935;null;null;;False;7
13939;null;null;;False;7
13945;null;null;;False;7
13948;null;null;;False;7
13953;null;null;;False;7
13957;null;null;;False;7
13962;null;null;;False;7
13966;null;null;;False;7
13971;null;null;;False;7
13975;null;null;;False;7
13980;null;null;;False;7
13984;null;null;;False;7
13989;null;null;;False;7
13993;null;null;;False;7
13998;null;null;;False;7
14004;null;null;;False;7
14010;null;null;;False;7
14015;null;null;;False;7
14020;null;null;;False;7
14025;null;null;;False;7
14030;null;null;;False;7
14034;null;null;;False;7
14040;null;null;;False;7
14045;null;null;;False;7
14048;null;null;;False;7
14055;null;null;;False;7
14058;null;null;;False;7
14064;null;null;;False;7
14070;null;null;;False;7
14073;null;null;;False;7
14077;null;null;;False;7
14082;null;null;;False;7
14086;null;null;;False;7
14090;null;null;;False;7
14095;null;null;;False;7
14100;null;null;;False;7
14104;null;null;;False;7
14108;null;null;;False;7
14114;null;null;;False;7
14118;null;null;;False;7
14122;null;null;;False;7
14126;null;null;;False;7
14132;null;null;;False;7
14136;null;null;;False;7
14142;null;null;;False;7
14147;null;null;;False;7
14152;null;null;;False;7
14157;null;null;;False;7
14161;null;null;;False;7
14167;null;null;;False;7
14171;null;null;;False;7
14177;null;null;;False;7
14183;null;null;;False;7
14186;null;null;;False;7
14193;null;null;;False;7
14198;null;null;;False;7
14201;null;null;;False;7
14208;null;null;;False;7
14213;null;null;;False;7
14217;null;null;;False;7
14223;null;null;;False;7
14228;null;null;;False;7
14231;null;null;;False;7
14237;null;null;;False;7
14240;null;null;;False;7
14247;null;null;;False;7
14252;null;null;;False;7
14256;null;null;;False;7
14263;null;null;;False;7
14266;null;null;;False;7
14273;null;null;;False;7
14278;null;null;;False;7
14282;null;null;;False;7
14287;null;null;;False;7
14292;null;null;;False;7
14296;null;null;;False;7
14301;null;null;;False;7
14305;null;null;;False;7
14310;null;null;;False;7
14315;null;null;;False;7
14319;null;null;;False;7
14327;null;null;;False;7
14331;null;null;;False;7
14336;null;null;;False;7
14341;null;null;;False;7
14346;null;null;;False;7
14351;null;null;;False;7
14356;null;null;;False;7
14361;null;null;;False;7
14370;null;null;;False;7
14372;null;null;;False;7
14378;null;null;;False;7
14382;null;null;;False;7
14387;null;null;;False;7
14392;null;null;;False;7
14397;null;null;;False;7
14401;null;null;;False;7
14405;null;null;;False;7
14411;null;null;;False;7
14415;null;null;;False;7
14419;null;null;;False;7
14424;null;null;;False;7
14429;null;null;;False;7
14433;null;null;;False;7
14438;null;null;;False;7
14443;null;null;;False;7
14447;null;null;;False;7
14458;null;null;;False;7
14462;null;null;;False;7
14466;null;null;;False;7
14471;null;null;;False;7
14477;null;null;;False;7
14481;null;null;;False;7
14485;null;null;;False;7
14489;null;null;;False;7
14494;null;null;;False;7
14497;null;null;;False;7
14503;null;null;;False;7
14508;null;null;;False;7
14513;null;null;;False;7
14517;null;null;;False;7
14520;null;null;;False;7
14525;null;null;;False;7
14529;null;null;;False;7
14534;null;null;;False;7
14539;null;null;;False;7
14543;null;null;;False;7
14547;null;null;;False;7
14552;null;null;;False;7
14555;null;null;;False;7
14560;null;null;;False;7
14564;null;null;;False;7
14568;null;null;;False;7
14573;null;null;;False;7
14576;null;null;;False;7
14581;null;null;;False;7
14584;null;null;;False;7
14590;null;null;;False;7
14594;null;null;;False;7
14602;null;null;;False;7
14620;null;null;;False;7
14622;null;null;;False;7
14628;null;null;;False;7
14632;null;null;;False;7
14636;null;null;;False;7
14644;null;null;;False;7
14649;null;null;;False;7
14653;null;null;;False;7
14657;null;null;;False;7
14663;null;null;;False;7
14667;null;null;;False;7
14671;null;null;;False;7
14675;null;null;;False;7
14680;null;null;;False;7
14684;null;null;;False;7
14689;null;null;;False;7
14695;null;null;;False;7
14698;null;null;;False;7
14701;null;null;;False;7
14705;null;null;;False;7
14712;null;null;;False;7
14715;null;null;;False;7
14719;null;null;;False;7
14722;null;null;;False;7
14727;null;null;;False;7
14731;null;null;;False;7
14735;null;null;;False;7
14739;null;null;;False;7
14743;null;null;;False;7
14747;null;null;;False;7
14752;null;null;;False;7
14756;null;null;;False;7
14761;null;null;;False;7
14765;null;null;;False;7
14769;null;null;;False;7
14773;null;null;;False;7
14778;null;null;;False;7
14781;null;null;;False;7
14785;null;null;;False;7
14789;null;null;;False;7
14795;null;null;;False;7
14798;null;null;;False;7
14803;null;null;;False;8
14814;null;null;;False;8
14818;null;null;;False;8
14827;null;null;;False;8
14831;null;null;;False;8
14835;null;null;;False;8
14840;null;null;;False;8
14850;null;null;;False;8
14853;null;null;;False;8
14858;null;null;;False;8
14863;null;null;;False;8
14868;null;null;;False;8
14872;null;null;;False;8
14877;null;null;;False;8
14882;null;null;;False;8
14887;null;null;;False;8
14891;null;null;;False;8
14897;null;null;;False;8
14903;null;null;;False;8
14923;null;null;;False;8
14926;null;null;;False;8
14932;null;null;;False;8
14937;null;null;;False;8
14943;null;null;;False;8
14948;null;null;;False;8
14952;null;null;;False;8
14957;null;null;;False;8
14962;null;null;;False;8
14966;null;null;;False;8
14970;null;null;;False;8
14974;null;null;;False;8
14979;null;null;;False;8
14983;null;null;;False;8
14987;null;null;;False;8
14992;null;null;;False;8
14996;null;null;;False;8
15002;null;null;;False;8
15006;null;null;;False;8
15011;null;null;;False;8
15016;null;null;;False;8
15020;null;null;;False;8
15024;null;null;;False;8
15030;null;null;;False;8
15034;null;null;;False;8
15038;null;null;;False;8
15042;null;null;;False;8
15047;null;null;;False;8
15051;null;null;;False;8
15055;null;null;;False;8
15061;null;null;;False;8
15065;null;null;;False;8
15069;null;null;;False;8
15073;null;null;;False;8
15079;null;null;;False;8
15083;null;null;;False;8
15087;null;null;;False;8
15092;null;null;;False;8
15096;null;null;;False;8
15100;null;null;;False;8
15105;null;null;;False;8
15110;null;null;;False;8
15114;null;null;;False;8
15118;null;null;;False;8
15122;null;null;;False;8
15128;null;null;;False;8
15132;null;null;;False;8
15136;null;null;;False;8
15140;null;null;;False;8
15146;null;null;;False;8
15150;null;null;;False;8
15155;null;null;;False;8
15160;null;null;;False;8
15164;null;null;;False;8
15169;null;null;;False;8
15174;null;null;;False;8
15179;null;null;;False;8
15184;null;null;;False;8
15189;null;null;;False;8
15195;null;null;;False;8
15198;null;null;;False;8
15203;null;null;;False;8
15207;null;null;;False;8
15212;null;null;;False;8
15216;null;null;;False;8
15221;null;null;;False;8
15225;null;null;;False;8
15229;null;null;;False;8
15234;null;null;;False;8
15238;null;null;;False;8
15243;null;null;;False;8
15247;null;null;;False;8
15251;null;null;;False;8
15255;null;null;;False;8
15260;null;null;;False;8
15264;null;null;;False;8
15270;null;null;;False;8
15273;null;null;;False;8
15279;null;null;;False;8
15284;null;null;;False;8
15287;null;null;;False;8
15293;null;null;;False;8
15297;null;null;;False;8
15303;null;null;;False;8
15306;null;null;;False;8
15313;null;null;;False;8
15317;null;null;;False;8
15321;null;null;;False;8
15326;null;null;;False;8
15332;null;null;;False;8
15336;null;null;;False;8
15342;null;null;;False;8
15346;null;null;;False;8
15352;null;null;;False;8
15357;null;null;;False;8
15361;null;null;;False;8
15367;null;null;;False;8
15370;null;null;;False;8
15376;null;null;;False;8
15381;null;null;;False;8
15385;null;null;;False;8
15389;null;null;;False;8
15394;null;null;;False;8
15399;null;null;;False;8
15403;null;null;;False;8
15407;null;null;;False;8
15412;null;null;;False;8
15416;null;null;;False;8
15424;null;null;;False;8
15427;null;null;;False;8
15431;null;null;;False;8
15435;null;null;;False;8
15440;null;null;;False;8
15445;null;null;;False;8
15449;null;null;;False;8
15454;null;null;;False;8
15458;null;null;;False;8
15463;null;null;;False;8
15467;null;null;;False;8
15472;null;null;;False;8
15476;null;null;;False;8
15481;null;null;;False;8
15486;null;null;;False;8
15490;null;null;;False;8
15495;null;null;;False;8
15499;null;null;;False;8
15504;null;null;;False;8
15508;null;null;;False;8
15513;null;null;;False;8
15525;null;null;;False;8
15529;null;null;;False;8
15534;null;null;;False;8
15537;null;null;;False;8
15542;null;null;;False;8
15545;null;null;;False;8
15551;null;null;;False;8
15555;null;null;;False;8
15560;null;null;;False;8
15566;null;null;;False;8
15569;null;null;;False;8
15575;null;null;;False;8
15578;null;null;;False;8
15584;null;null;;False;8
15587;null;null;;False;8
15592;null;null;;False;8
15597;null;null;;False;8
15599;null;null;;False;8
15605;null;null;;False;8
15608;null;null;;False;8
15614;null;null;;False;8
15618;null;null;;False;8
15622;null;null;;False;8
15625;null;null;;False;8
15631;null;null;;False;8
15636;null;null;;False;8
15639;null;null;;False;8
15642;null;null;;False;8
15648;null;null;;False;8
15656;null;null;;False;8
15665;null;null;;False;8
15684;null;null;;False;8
15686;null;null;;False;8
15690;null;null;;False;8
15698;null;null;;False;8
15704;null;null;;False;8
15706;null;null;;False;8
15713;null;null;;False;8
15718;null;null;;False;8
15720;null;null;;False;8
15727;null;null;;False;8
15733;null;null;;False;8
15735;null;null;;False;8
15743;null;null;;False;8
15745;null;null;;False;8
15749;null;null;;False;8
15753;null;null;;False;8
15757;null;null;;False;8
15761;null;null;;False;8
15765;null;null;;False;8
15769;null;null;;False;8
15773;null;null;;False;8
15777;null;null;;False;8
15781;null;null;;False;8
15785;null;null;;False;8
15789;null;null;;False;8
15793;null;null;;False;8
15796;null;null;;False;8
15800;null;null;;False;8
15808;null;null;;False;8
15810;null;null;;False;8
15816;null;null;;False;8
15820;null;null;;False;8
15825;null;null;;False;8
15829;null;null;;False;8
15834;null;null;;False;8
15837;null;null;;False;8
15841;null;null;;False;8
15846;null;null;;False;8
15850;null;null;;False;8
15854;null;null;;False;8
15858;null;null;;False;8
15863;null;null;;False;8
15867;null;null;;False;8
15871;null;null;;False;8
15876;null;null;;False;8
15880;null;null;;False;9
15890;null;null;;False;9
15895;null;null;;False;9
15900;null;null;;False;9
15905;null;null;;False;9
15909;null;null;;False;9
15914;null;null;;False;9
15918;null;null;;False;9
15923;null;null;;False;9
15928;null;null;;False;9
15932;null;null;;False;9
15936;null;null;;False;9
15941;null;null;;False;9
15946;null;null;;False;9
15951;null;null;;False;9
15955;null;null;;False;9
15961;null;null;;False;9
15967;null;null;;False;9
15989;null;null;;False;9
15994;null;null;;False;9
15999;null;null;;False;9
16004;null;null;;False;9
16009;null;null;;False;9
16015;null;null;;False;9
16019;null;null;;False;9
16024;null;null;;False;9
16029;null;null;;False;9
16033;null;null;;False;9
16037;null;null;;False;9
16042;null;null;;False;9
16046;null;null;;False;9
16050;null;null;;False;9
16060;null;null;;False;9
16063;null;null;;False;9
16068;null;null;;False;9
16072;null;null;;False;9
16077;null;null;;False;9
16082;null;null;;False;9
16086;null;null;;False;9
16090;null;null;;False;9
16095;null;null;;False;9
16099;null;null;;False;9
16104;null;null;;False;9
16109;null;null;;False;9
16114;null;null;;False;9
16119;null;null;;False;9
16123;null;null;;False;9
16127;null;null;;False;9
16131;null;null;;False;9
16136;null;null;;False;9
16140;null;null;;False;9
16145;null;null;;False;9
16149;null;null;;False;9
16153;null;null;;False;9
16158;null;null;;False;9
16162;null;null;;False;9
16167;null;null;;False;9
16171;null;null;;False;9
16176;null;null;;False;9
16180;null;null;;False;9
16185;null;null;;False;9
16190;null;null;;False;9
16194;null;null;;False;9
16199;null;null;;False;9
16203;null;null;;False;9
16207;null;null;;False;9
16212;null;null;;False;9
16217;null;null;;False;9
16221;null;null;;False;9
16225;null;null;;False;9
16230;null;null;;False;9
16235;null;null;;False;9
16239;null;null;;False;9
16243;null;null;;False;9
16248;null;null;;False;9
16252;null;null;;False;9
16256;null;null;;False;9
16261;null;null;;False;9
16266;null;null;;False;9
16270;null;null;;False;9
16274;null;null;;False;9
16279;null;null;;False;9
16283;null;null;;False;9
16287;null;null;;False;9
16292;null;null;;False;9
16297;null;null;;False;9
16301;null;null;;False;9
16305;null;null;;False;9
16310;null;null;;False;9
16314;null;null;;False;9
16318;null;null;;False;9
16322;null;null;;False;9
16328;null;null;;False;9
16332;null;null;;False;9
16336;null;null;;False;9
16342;null;null;;False;9
16346;null;null;;False;9
16350;null;null;;False;9
16354;null;null;;False;9
16359;null;null;;False;9
16363;null;null;;False;9
16368;null;null;;False;9
16373;null;null;;False;9
16377;null;null;;False;9
16381;null;null;;False;9
16385;null;null;;False;9
16389;null;null;;False;9
16394;null;null;;False;9
16397;null;null;;False;9
16401;null;null;;False;9
16406;null;null;;False;9
16410;null;null;;False;9
16415;null;null;;False;9
16422;null;null;;False;9
16425;null;null;;False;9
16431;null;null;;False;9
16436;null;null;;False;9
16441;null;null;;False;9
16447;null;null;;False;9
16450;null;null;;False;9
16456;null;null;;False;9
16461;null;null;;False;9
16465;null;null;;False;9
16471;null;null;;False;9
16475;null;null;;False;9
16480;null;null;;False;9
16486;null;null;;False;9
16489;null;null;;False;9
16495;null;null;;False;9
16501;null;null;;False;9
16503;null;null;;False;9
16509;null;null;;False;9
16514;null;null;;False;9
16519;null;null;;False;9
16523;null;null;;False;9
16527;null;null;;False;9
16531;null;null;;False;9
16535;null;null;;False;9
16541;null;null;;False;9
16546;null;null;;False;9
16550;null;null;;False;9
16554;null;null;;False;9
16559;null;null;;False;9
16564;null;null;;False;9
16568;null;null;;False;9
16572;null;null;;False;9
16577;null;null;;False;9
16581;null;null;;False;9
16585;null;null;;False;9
16590;null;null;;False;9
16596;null;null;;False;9
16599;null;null;;False;9
16605;null;null;;False;9
16609;null;null;;False;9
16615;null;null;;False;9
16618;null;null;;False;9
16625;null;null;;False;9
16629;null;null;;False;9
16632;null;null;;False;9
16640;null;null;;False;9
16644;null;null;;False;9
16647;null;null;;False;9
16653;null;null;;False;9
16656;null;null;;False;9
16663;null;null;;False;9
16666;null;null;;False;9
16672;null;null;;False;9
16676;null;null;;False;9
16680;null;null;;False;9
16690;null;null;;False;9
16699;null;null;;False;9
16706;null;null;;False;9
16712;null;null;;False;9
16718;null;null;;False;9
16722;null;null;;False;9
16731;null;null;;False;9
16738;null;null;;False;9
16741;null;null;;False;9
16746;null;null;;False;9
16755;null;null;;False;9
16761;null;null;;False;9
16767;null;null;;False;9
16771;null;null;;False;9
16779;null;null;;False;9
16784;null;null;;False;9
16792;null;null;;False;9
16800;null;null;;False;9
16803;null;null;;False;9
16808;null;null;;False;9
16815;null;null;;False;9
16819;null;null;;False;9
16826;null;null;;False;9
16835;null;null;;False;9
16842;null;null;;False;9
16848;null;null;;False;9
16853;null;null;;False;9
16856;null;null;;False;9
16866;null;null;;False;9
16872;null;null;;False;9
16878;null;null;;False;9
16882;null;null;;False;9
16887;null;null;;False;9
16891;null;null;;False;9
16899;null;null;;False;9
16903;null;null;;False;9
16911;null;null;;False;9
16915;null;null;;False;9
16920;null;null;;False;9
16925;null;null;;False;9
16929;null;null;;False;9
16936;null;null;;False;9
16942;null;null;;False;9
16953;null;null;;False;9
16961;null;null;;False;9
16965;null;null;;False;9
16971;null;null;;False;9
16978;null;null;;False;9
16986;null;null;;False;9
16990;null;null;;False;9
16997;null;null;;False;9
17006;null;null;;False;9
17011;null;null;;False;9
17020;null;null;;False;9
17026;null;null;;False;9
17031;null;null;;False;9
17037;null;null;;False;9
17047;null;null;;False;9
17050;null;null;;False;9
17055;null;null;;False;9
17061;null;null;;False;9
17066;null;null;;False;9
17071;null;null;;False;9
17077;null;null;;False;9
17082;null;null;;False;9
17087;null;null;;False;9
17091;null;null;;False;9
17097;null;null;;False;9
17102;null;null;;False;9
17107;null;null;;False;9
17113;null;null;;False;9
17118;null;null;;False;9
17122;null;null;;False;9
17128;null;null;;False;9
17132;null;null;;False;9
17136;null;null;;False;9
17143;null;null;;False;9
17146;null;null;;False;9
17150;null;null;;False;9
17155;null;null;;False;9
17159;null;null;;False;9
17164;null;null;;False;9
17168;null;null;;False;9
17174;null;null;;False;9
17177;null;null;;False;9
17183;null;null;;False;9
17187;null;null;;False;9
17193;null;null;;False;9
17198;null;null;;False;9
17201;null;null;;False;9
17209;null;null;;False;9
17213;null;null;;False;9
17217;null;null;;False;9
17224;null;null;;False;9
17228;null;null;;False;9
17231;null;null;;False;9
17237;null;null;;False;9
17240;null;null;;False;9
17247;null;null;;False;9
17250;null;null;;False;9
17256;null;null;;False;9
17262;null;null;;False;9
17265;null;null;;False;9
17272;null;null;;False;9
17276;null;null;;False;9
17280;null;null;;False;9
17286;null;null;;False;9
17289;null;null;;False;9
17296;null;null;;False;9
17299;null;null;;False;9
17304;null;null;;False;9
17309;null;null;;False;9
17313;null;null;;False;9
17318;null;null;;False;9
17322;null;null;;False;9
17327;null;null;;False;9
17331;null;null;;False;9
17336;null;null;;False;9
17339;null;null;;False;9
17344;null;null;;False;9
17349;null;null;;False;9
17353;null;null;;False;9
17357;null;null;;False;9
17362;null;null;;False;9
17366;null;null;;False;9
17370;null;null;;False;9
17375;null;null;;False;9
17379;null;null;;False;9
17384;null;null;;False;9
17388;null;null;;False;9
17393;null;null;;False;9
17398;null;null;;False;9
17402;null;null;;False;9
17410;null;null;;False;9
17412;null;null;;False;9
17417;null;null;;False;9
17421;null;null;;False;9
17425;null;null;;False;9
17430;null;null;;False;9
17435;null;null;;False;9
17439;null;null;;False;9
17443;null;null;;False;9
17448;null;null;;False;9
17452;null;null;;False;9
17456;null;null;;False;9
17461;null;null;;False;9
17465;null;null;;False;9
17469;null;null;;False;9
17474;null;null;;False;9
17481;null;null;;False;9
17490;null;null;;False;9
17495;null;null;;False;9
17500;null;null;;False;9
17514;null;null;;False;9
17518;null;null;;False;9
17521;null;null;;False;9
17528;null;null;;False;9
17534;null;null;;False;9
17536;null;null;;False;9
17543;null;null;;False;9
17548;null;null;;False;9
17552;null;null;;False;9
17558;null;null;;False;9
17563;null;null;;False;9
17567;null;null;;False;9
17572;null;null;;False;9
17577;null;null;;False;9
17582;null;null;;False;9
17587;null;null;;False;9
17592;null;null;;False;9
17598;null;null;;False;9
17602;null;null;;False;9
17608;null;null;;False;9
17614;null;null;;False;9
17618;null;null;;False;9
17625;null;null;;False;9
17631;null;null;;False;9
17638;null;null;;False;9
17645;null;null;;False;9
17655;null;null;;False;9
17658;null;null;;False;9
17662;null;null;;False;9
17668;null;null;;False;9
17671;null;null;;False;9
17675;null;null;;False;9
17685;null;null;;False;9
17688;null;null;;False;9
17692;null;null;;False;9
17697;null;null;;False;9
17701;null;null;;False;9
17705;null;null;;False;9
17709;null;null;;False;9
17715;null;null;;False;9
17719;null;null;;False;9
17722;null;null;;False;9
17729;null;null;;False;9
17732;null;null;;False;9
17736;null;null;;False;9
17740;null;null;;False;9
17744;null;null;;False;9
17748;null;null;;False;9
17752;null;null;;False;9
17756;null;null;;False;9
17761;null;null;;False;9
17765;null;null;;False;9
17769;null;null;;False;9
17773;null;null;;False;9
17778;null;null;;False;9
17782;null;null;;False;9
17785;null;null;;False;9
17789;null;null;;False;9
17794;null;null;;False;9
17798;null;null;;False;9
17801;null;null;;False;9
17806;null;null;;False;9
17810;null;null;;False;9
17815;null;null;;False;9
17819;null;null;;False;9
17823;null;null;;False;10
17833;null;null;;False;10
17836;null;null;;False;10
17843;null;null;;False;10
17848;null;null;;False;10
17851;null;null;;False;10
17856;null;null;;False;10
17861;null;null;;False;10
17865;null;null;;False;10
17869;null;null;;False;10
17875;null;null;;False;10
17879;null;null;;False;10
17888;null;null;;False;10
17891;null;null;;False;10
17896;null;null;;False;10
17901;null;null;;False;10
17905;null;null;;False;10
17910;null;null;;False;10
17915;null;null;;False;10
17920;null;null;;False;10
17925;null;null;;False;10
17929;null;null;;False;10
17934;null;null;;False;10
17939;null;null;;False;10
17944;null;null;;False;10
17950;null;null;;False;10
17959;null;null;;False;10
17973;null;null;;False;10
17977;null;null;;False;10
17982;null;null;;False;10
17987;null;null;;False;10
17992;null;null;;False;10
17997;null;null;;False;10
18001;null;null;;False;10
18006;null;null;;False;10
18011;null;null;;False;10
18016;null;null;;False;10
18020;null;null;;False;10
18024;null;null;;False;10
18029;null;null;;False;10
18034;null;null;;False;10
18038;null;null;;False;10
18042;null;null;;False;10
18046;null;null;;False;10
18051;null;null;;False;10
18055;null;null;;False;10
18059;null;null;;False;10
18065;null;null;;False;10
18069;null;null;;False;10
18073;null;null;;False;10
18079;null;null;;False;10
18082;null;null;;False;10
18086;null;null;;False;10
18090;null;null;;False;10
18096;null;null;;False;10
18100;null;null;;False;10
18104;null;null;;False;10
18110;null;null;;False;10
18114;null;null;;False;10
18118;null;null;;False;10
18122;null;null;;False;10
18127;null;null;;False;10
18132;null;null;;False;10
18135;null;null;;False;10
18142;null;null;;False;10
18146;null;null;;False;10
18150;null;null;;False;10
18155;null;null;;False;10
18161;null;null;;False;10
18164;null;null;;False;10
18168;null;null;;False;10
18172;null;null;;False;10
18177;null;null;;False;10
18183;null;null;;False;10
18186;null;null;;False;10
18192;null;null;;False;10
18196;null;null;;False;10
18200;null;null;;False;10
18204;null;null;;False;10
18210;null;null;;False;10
18214;null;null;;False;10
18218;null;null;;False;10
18223;null;null;;False;10
18227;null;null;;False;10
18231;null;null;;False;10
18235;null;null;;False;10
18240;null;null;;False;10
18246;null;null;;False;10
18249;null;null;;False;10
18255;null;null;;False;10
18259;null;null;;False;10
18264;null;null;;False;10
18268;null;null;;False;10
18272;null;null;;False;10
18278;null;null;;False;10
18281;null;null;;False;10
18287;null;null;;False;10
18292;null;null;;False;10
18296;null;null;;False;10
18302;null;null;;False;10
18305;null;null;;False;10
18310;null;null;;False;10
18314;null;null;;False;10
18319;null;null;;False;10
18325;null;null;;False;10
18329;null;null;;False;10
18334;null;null;;False;10
18337;null;null;;False;10
18341;null;null;;False;10
18346;null;null;;False;10
18350;null;null;;False;10
18356;null;null;;False;10
18360;null;null;;False;10
18366;null;null;;False;10
18369;null;null;;False;10
18375;null;null;;False;10
18380;null;null;;False;10
18383;null;null;;False;10
18389;null;null;;False;10
18393;null;null;;False;10
18399;null;null;;False;10
18404;null;null;;False;10
18409;null;null;;False;10
18416;null;null;;False;10
18421;null;null;;False;10
18425;null;null;;False;10
18436;null;null;;False;10
18443;null;null;;False;10
18450;null;null;;False;10
18456;null;null;;False;10
18464;null;null;;False;10
18471;null;null;;False;10
18477;null;null;;False;10
18482;null;null;;False;10
18495;null;null;;False;10
18498;null;null;;False;10
18503;null;null;;False;10
18507;null;null;;False;10
18512;null;null;;False;10
18516;null;null;;False;10
18521;null;null;;False;10
18525;null;null;;False;10
18530;null;null;;False;10
18534;null;null;;False;10
18544;null;null;;False;10
18546;null;null;;False;10
18550;null;null;;False;10
18554;null;null;;False;10
18559;null;null;;False;10
18563;null;null;;False;10
18567;null;null;;False;10
18572;null;null;;False;10
18576;null;null;;False;10
18580;null;null;;False;10
18584;null;null;;False;10
18588;null;null;;False;10
18593;null;null;;False;10
18597;null;null;;False;10
18602;null;null;;False;10
18606;null;null;;False;10
18611;null;null;;False;10
18616;null;null;;False;10
18620;null;null;;False;10
18625;null;null;;False;10
18629;null;null;;False;10
18633;null;null;;False;10
18637;null;null;;False;10
18642;null;null;;False;10
18646;null;null;;False;10
18651;null;null;;False;10
18655;null;null;;False;10
18667;null;null;;False;10
18670;null;null;;False;10
18674;null;null;;False;10
18678;null;null;;False;10
18682;null;null;;False;10
18686;null;null;;False;10
18690;null;null;;False;10
18699;null;null;;False;10
18703;null;null;;False;10
18708;null;null;;False;10
18721;null;null;;False;10
18737;null;null;;False;10
18739;null;null;;False;10
18746;null;null;;False;10
18751;null;null;;False;10
18755;null;null;;False;10
18762;null;null;;False;10
18767;null;null;;False;10
18770;null;null;;False;10
18776;null;null;;False;10
18780;null;null;;False;10
18783;null;null;;False;10
18787;null;null;;False;10
18792;null;null;;False;10
18796;null;null;;False;10
18800;null;null;;False;10
18803;null;null;;False;10
18808;null;null;;False;10
18812;null;null;;False;10
18816;null;null;;False;10
18820;null;null;;False;10
18824;null;null;;False;10
18828;null;null;;False;10
18832;null;null;;False;10
18836;null;null;;False;10
18840;null;null;;False;10
18847;null;null;;False;10
18849;null;null;;False;10
18853;null;null;;False;10
18857;null;null;;False;10
18862;null;null;;False;10
18866;null;null;;False;10
18870;null;null;;False;10
18877;null;null;;False;10
18881;null;null;;False;10
18886;null;null;;False;10
18890;null;null;;False;10
18894;null;null;;False;10
18898;null;null;;False;10
18902;null;null;;False;10
18906;null;null;;False;10
18911;null;null;;False;10
18915;null;null;;False;10
18919;null;null;;False;10
18923;null;null;;False;10
18928;null;null;;False;10
18933;null;null;;False;10
18937;null;null;;False;10
18941;null;null;;False;10
18945;null;null;;False;11
18955;null;null;;False;11
18959;null;null;;False;11
18966;null;null;;False;11
18969;null;null;;False;11
18974;null;null;;False;11
18977;null;null;;False;11
18983;null;null;;False;11
18986;null;null;;False;11
18991;null;null;;False;11
18996;null;null;;False;11
19000;null;null;;False;11
19005;null;null;;False;11
19012;null;null;;False;11
19020;null;null;;False;11
19027;null;null;;False;11
19041;null;null;;False;11
19045;null;null;;False;11
19049;null;null;;False;11
19054;null;null;;False;11
19060;null;null;;False;11
19065;null;null;;False;11
19069;null;null;;False;11
19073;null;null;;False;11
19079;null;null;;False;11
19083;null;null;;False;11
19087;null;null;;False;11
19092;null;null;;False;11
19101;null;null;;False;11
19104;null;null;;False;11
19109;null;null;;False;11
19114;null;null;;False;11
19118;null;null;;False;11
19122;null;null;;False;11
19128;null;null;;False;11
19132;null;null;;False;11
19135;null;null;;False;11
19140;null;null;;False;11
19145;null;null;;False;11
19149;null;null;;False;11
19154;null;null;;False;11
19158;null;null;;False;11
19162;null;null;;False;11
19166;null;null;;False;11
19171;null;null;;False;11
19176;null;null;;False;11
19180;null;null;;False;11
19184;null;null;;False;11
19189;null;null;;False;11
19193;null;null;;False;11
19197;null;null;;False;11
19203;null;null;;False;11
19206;null;null;;False;11
19211;null;null;;False;11
19215;null;null;;False;11
19219;null;null;;False;11
19224;null;null;;False;11
19229;null;null;;False;11
19233;null;null;;False;11
19238;null;null;;False;11
19242;null;null;;False;11
19247;null;null;;False;11
19253;null;null;;False;11
19257;null;null;;False;11
19264;null;null;;False;11
19269;null;null;;False;11
19274;null;null;;False;11
19280;null;null;;False;11
19284;null;null;;False;11
19288;null;null;;False;11
19293;null;null;;False;11
19298;null;null;;False;11
19302;null;null;;False;11
19305;null;null;;False;11
19311;null;null;;False;11
19315;null;null;;False;11
19319;null;null;;False;11
19323;null;null;;False;11
19329;null;null;;False;11
19333;null;null;;False;11
19337;null;null;;False;11
19343;null;null;;False;11
19348;null;null;;False;11
19351;null;null;;False;11
19357;null;null;;False;11
19361;null;null;;False;11
19367;null;null;;False;11
19370;null;null;;False;11
19376;null;null;;False;11
19381;null;null;;False;11
19384;null;null;;False;11
19392;null;null;;False;11
19396;null;null;;False;11
19399;null;null;;False;11
19407;null;null;;False;11
19410;null;null;;False;11
19415;null;null;;False;11
19421;null;null;;False;11
19425;null;null;;False;11
19430;null;null;;False;11
19434;null;null;;False;11
19438;null;null;;False;11
19443;null;null;;False;11
19447;null;null;;False;11
19451;null;null;;False;11
19456;null;null;;False;11
19460;null;null;;False;11
19464;null;null;;False;11
19469;null;null;;False;11
19473;null;null;;False;11
19481;null;null;;False;11
19483;null;null;;False;11
19487;null;null;;False;11
19491;null;null;;False;11
19496;null;null;;False;11
19500;null;null;;False;11
19504;null;null;;False;11
19509;null;null;;False;11
19514;null;null;;False;11
19518;null;null;;False;11
19522;null;null;;False;11
19526;null;null;;False;11
19531;null;null;;False;11
19536;null;null;;False;11
19540;null;null;;False;11
19544;null;null;;False;11
19548;null;null;;False;11
19552;null;null;;False;11
19556;null;null;;False;11
19561;null;null;;False;11
19572;null;null;;False;11
19577;null;null;;False;11
19582;null;null;;False;11
19585;null;null;;False;11
19591;null;null;;False;11
19595;null;null;;False;11
19600;null;null;;False;11
19604;null;null;;False;11
19609;null;null;;False;11
19613;null;null;;False;11
19617;null;null;;False;11
19625;null;null;;False;11
19635;null;null;;False;11
19649;null;null;;False;11
19653;null;null;;False;11
19657;null;null;;False;11
19662;null;null;;False;11
19666;null;null;;False;11
19670;null;null;;False;11
19676;null;null;;False;11
19681;null;null;;False;11
19685;null;null;;False;11
19689;null;null;;False;11
19694;null;null;;False;11
19698;null;null;;False;11
19708;null;null;;False;11
19711;null;null;;False;11
19715;null;null;;False;11
19719;null;null;;False;11
19724;null;null;;False;11
19729;null;null;;False;11
19733;null;null;;False;11
19737;null;null;;False;11
19744;null;null;;False;11
19747;null;null;;False;11
19752;null;null;;False;11
19755;null;null;;False;11
19760;null;null;;False;11
19764;null;null;;False;11
19768;null;null;;False;11
19772;null;null;;False;11
19776;null;null;;False;11
19780;null;null;;False;11
19785;null;null;;False;11
19789;null;null;;False;11
19793;null;null;;False;11
19797;null;null;;False;11
19802;null;null;;False;11
19806;null;null;;False;11
19810;null;null;;False;11
19815;null;null;;False;11
19819;null;null;;False;11
19824;null;null;;False;11
19828;null;null;;False;11
19833;null;null;;False;11
19837;null;null;;False;11
19841;null;null;;False;11
19846;null;null;;False;11
19850;null;null;;False;11
19853;null;null;;False;11
19857;null;null;;False;11
19863;null;null;;False;11
19866;null;null;;False;11
19870;null;null;;False;11
19874;null;null;;False;12
19884;null;null;;False;12
19888;null;null;;False;12
19894;null;null;;False;12
19898;null;null;;False;12
19903;null;null;;False;12
19913;null;null;;False;12
19916;null;null;;False;12
19921;null;null;;False;12
19929;null;null;;False;12
19938;null;null;;False;12
19953;null;null;;False;12
19956;null;null;;False;12
19962;null;null;;False;12
19966;null;null;;False;12
19972;null;null;;False;12
19977;null;null;;False;12
19981;null;null;;False;12
19986;null;null;;False;12
19990;null;null;;False;12
19995;null;null;;False;12
19999;null;null;;False;12
20004;null;null;;False;12
20008;null;null;;False;12
20012;null;null;;False;12
20018;null;null;;False;12
20021;null;null;;False;12
20025;null;null;;False;12
20030;null;null;;False;12
20034;null;null;;False;12
20039;null;null;;False;12
20044;null;null;;False;12
20048;null;null;;False;12
20054;null;null;;False;12
20059;null;null;;False;12
20066;null;null;;False;12
20071;null;null;;False;12
20077;null;null;;False;12
20083;null;null;;False;12
20087;null;null;;False;12
20093;null;null;;False;12
20099;null;null;;False;12
20104;null;null;;False;12
20108;null;null;;False;12
20114;null;null;;False;12
20118;null;null;;False;12
20122;null;null;;False;12
20127;null;null;;False;12
20131;null;null;;False;12
20135;null;null;;False;12
20139;null;null;;False;12
20144;null;null;;False;12
20148;null;null;;False;12
20152;null;null;;False;12
20156;null;null;;False;12
20162;null;null;;False;12
20166;null;null;;False;12
20170;null;null;;False;12
20176;null;null;;False;12
20180;null;null;;False;12
20184;null;null;;False;12
20188;null;null;;False;12
20193;null;null;;False;12
20197;null;null;;False;12
20201;null;null;;False;12
20205;null;null;;False;12
20210;null;null;;False;12
20214;null;null;;False;12
20219;null;null;;False;12
20223;null;null;;False;12
20228;null;null;;False;12
20232;null;null;;False;12
20236;null;null;;False;12
20240;null;null;;False;12
20245;null;null;;False;12
20249;null;null;;False;12
20254;null;null;;False;12
20258;null;null;;False;12
20262;null;null;;False;12
20266;null;null;;False;12
20271;null;null;;False;12
20275;null;null;;False;12
20279;null;null;;False;12
20283;null;null;;False;12
20288;null;null;;False;12
20292;null;null;;False;12
20297;null;null;;False;12
20302;null;null;;False;12
20306;null;null;;False;12
20310;null;null;;False;12
20315;null;null;;False;12
20320;null;null;;False;12
20324;null;null;;False;12
20329;null;null;;False;12
20332;null;null;;False;12
20337;null;null;;False;12
20342;null;null;;False;12
20346;null;null;;False;12
20351;null;null;;False;12
20355;null;null;;False;12
20359;null;null;;False;12
20363;null;null;;False;12
20368;null;null;;False;12
20372;null;null;;False;12
20376;null;null;;False;12
20380;null;null;;False;12
20385;null;null;;False;12
20390;null;null;;False;12
20394;null;null;;False;12
20399;null;null;;False;12
20403;null;null;;False;12
20407;null;null;;False;12
20413;null;null;;False;12
20417;null;null;;False;12
20423;null;null;;False;12
20427;null;null;;False;12
20432;null;null;;False;12
20437;null;null;;False;12
20440;null;null;;False;12
20448;null;null;;False;12
20451;null;null;;False;12
20456;null;null;;False;12
20461;null;null;;False;12
20465;null;null;;False;12
20470;null;null;;False;12
20474;null;null;;False;12
20480;null;null;;False;12
20483;null;null;;False;12
20488;null;null;;False;12
20492;null;null;;False;12
20497;null;null;;False;12
20501;null;null;;False;12
20505;null;null;;False;12
20510;null;null;;False;12
20515;null;null;;False;12
20519;null;null;;False;12
20523;null;null;;False;12
20528;null;null;;False;12
20532;null;null;;False;12
20537;null;null;;False;12
20543;null;null;;False;12
20547;null;null;;False;12
20553;null;null;;False;12
20558;null;null;;False;12
20561;null;null;;False;12
20567;null;null;;False;12
20570;null;null;;False;12
20576;null;null;;False;12
20581;null;null;;False;12
20584;null;null;;False;12
20590;null;null;;False;12
20594;null;null;;False;12
20599;null;null;;False;12
20605;null;null;;False;12
20608;null;null;;False;12
20612;null;null;;False;12
20617;null;null;;False;12
20622;null;null;;False;12
20626;null;null;;False;12
20630;null;null;;False;12
20634;null;null;;False;12
20638;null;null;;False;12
20643;null;null;;False;12
20647;null;null;;False;12
20652;null;null;;False;12
20656;null;null;;False;12
20661;null;null;;False;12
20665;null;null;;False;12
20671;null;null;;False;12
20676;null;null;;False;12
20680;null;null;;False;12
20685;null;null;;False;12
20688;null;null;;False;12
20694;null;null;;False;12
20698;null;null;;False;12
20703;null;null;;False;12
20708;null;null;;False;12
20712;null;null;;False;12
20718;null;null;;False;12
20721;null;null;;False;12
20726;null;null;;False;12
20732;null;null;;False;12
20735;null;null;;False;12
20740;null;null;;False;12
20746;null;null;;False;12
20751;null;null;;False;12
20755;null;null;;False;12
20761;null;null;;False;12
20765;null;null;;False;12
20769;null;null;;False;12
20775;null;null;;False;12
20779;null;null;;False;12
20784;null;null;;False;12
20788;null;null;;False;12
20792;null;null;;False;12
20798;null;null;;False;12
20801;null;null;;False;12
20806;null;null;;False;12
20810;null;null;;False;12
20815;null;null;;False;12
20819;null;null;;False;12
20823;null;null;;False;12
20828;null;null;;False;12
20832;null;null;;False;12
20837;null;null;;False;12
20841;null;null;;False;12
20846;null;null;;False;12
20850;null;null;;False;12
20856;null;null;;False;12
20860;null;null;;False;12
20865;null;null;;False;12
20869;null;null;;False;12
20874;null;null;;False;12
20879;null;null;;False;12
20885;null;null;;False;12
20892;null;null;;False;12
20900;null;null;;False;12
20903;null;null;;False;12
20908;null;null;;False;12
20914;null;null;;False;12
20919;null;null;;False;12
20924;null;null;;False;12
20929;null;null;;False;12
20933;null;null;;False;12
20938;null;null;;False;12
20943;null;null;;False;12
20947;null;null;;False;12
20951;null;null;;False;12
20956;null;null;;False;12
20960;null;null;;False;12
20964;null;null;;False;12
20969;null;null;;False;12
20973;null;null;;False;12
20979;null;null;;False;12
20990;null;null;;False;12
20995;null;null;;False;12
21000;null;null;;False;12
21004;null;null;;False;12
21009;null;null;;False;12
21023;null;null;;False;12
21027;null;null;;False;12
21034;null;null;;False;12
21039;null;null;;False;12
21043;null;null;;False;12
21049;null;null;;False;12
21054;null;null;;False;12
21057;null;null;;False;12
21064;null;null;;False;12
21067;null;null;;False;12
21072;null;null;;False;12
21078;null;null;;False;12
21081;null;null;;False;12
21085;null;null;;False;12
21089;null;null;;False;12
21095;null;null;;False;12
21098;null;null;;False;12
21103;null;null;;False;12
21106;null;null;;False;12
21111;null;null;;False;12
21116;null;null;;False;12
21126;null;null;;False;12
21129;null;null;;False;12
21134;null;null;;False;12
21138;null;null;;False;12
21146;null;null;;False;12
21155;null;null;;False;12
21160;null;null;;False;12
21164;null;null;;False;12
21168;null;null;;False;12
21172;null;null;;False;12
21177;null;null;;False;12
21181;null;null;;False;12
21186;null;null;;False;12
21190;null;null;;False;12
21194;null;null;;False;12
21198;null;null;;False;12
21202;null;null;;False;12
21206;null;null;;False;12
21211;null;null;;False;12
21214;null;null;;False;12
21219;null;null;;False;12
21226;null;null;;False;12
21229;null;null;;False;12
21234;null;null;;False;12
21237;null;null;;False;12
21242;null;null;;False;12
21246;null;null;;False;12
21251;null;null;;False;12
21255;null;null;;False;12
21260;null;null;;False;12
21264;null;null;;False;12
21268;null;null;;False;12
21272;null;null;;False;12
21277;null;null;;False;12
21281;null;null;;False;12
21285;null;null;;False;12
21289;null;null;;False;12
21294;null;null;;False;12
21299;null;null;;False;12
21303;null;null;;False;12
21307;null;null;;False;12
21314;null;null;;False;12
21316;null;null;;False;12
21319;null;null;;False;13
21332;null;null;;False;13
21335;null;null;;False;13
21340;null;null;;False;13
21345;null;null;;False;13
21350;null;null;;False;13
21354;null;null;;False;13
21359;null;null;;False;13
21364;null;null;;False;13
21368;null;null;;False;13
21373;null;null;;False;13
21378;null;null;;False;13
21382;null;null;;False;13
21386;null;null;;False;13
21390;null;null;;False;13
21395;null;null;;False;13
21399;null;null;;False;13
21404;null;null;;False;13
21408;null;null;;False;13
21413;null;null;;False;13
21418;null;null;;False;13
21423;null;null;;False;13
21428;null;null;;False;13
21432;null;null;;False;13
21436;null;null;;False;13
21442;null;null;;False;13
21448;null;null;;False;13
21457;null;null;;False;13
21462;null;null;;False;13
21475;null;null;;False;13
21478;null;null;;False;13
21483;null;null;;False;13
21488;null;null;;False;13
21494;null;null;;False;13
21498;null;null;;False;13
21502;null;null;;False;13
21506;null;null;;False;13
21511;null;null;;False;13
21515;null;null;;False;13
21520;null;null;;False;13
21529;null;null;;False;13
21532;null;null;;False;13
21536;null;null;;False;13
21541;null;null;;False;13
21546;null;null;;False;13
21551;null;null;;False;13
21555;null;null;;False;13
21560;null;null;;False;13
21565;null;null;;False;13
21569;null;null;;False;13
21573;null;null;;False;13
21579;null;null;;False;13
21584;null;null;;False;13
21588;null;null;;False;13
21592;null;null;;False;13
21597;null;null;;False;13
21600;null;null;;False;13
21605;null;null;;False;13
21609;null;null;;False;13
21614;null;null;;False;13
21618;null;null;;False;13
21622;null;null;;False;13
21626;null;null;;False;13
21631;null;null;;False;13
21635;null;null;;False;13
21639;null;null;;False;13
21645;null;null;;False;13
21649;null;null;;False;13
21653;null;null;;False;13
21657;null;null;;False;13
21662;null;null;;False;13
21667;null;null;;False;13
21671;null;null;;False;13
21678;null;null;;False;13
21681;null;null;;False;13
21686;null;null;;False;13
21693;null;null;;False;13
21698;null;null;;False;13
21705;null;null;;False;13
21712;null;null;;False;13
21718;null;null;;False;13
21721;null;null;;False;13
21730;null;null;;False;13
21735;null;null;;False;13
21739;null;null;;False;13
21747;null;null;;False;13
21751;null;null;;False;13
21757;null;null;;False;13
21761;null;null;;False;13
21767;null;null;;False;13
21771;null;null;;False;13
21777;null;null;;False;13
21782;null;null;;False;13
21785;null;null;;False;13
21792;null;null;;False;13
21797;null;null;;False;13
21800;null;null;;False;13
21807;null;null;;False;13
21811;null;null;;False;13
21815;null;null;;False;13
21819;null;null;;False;13
21823;null;null;;False;13
21828;null;null;;False;13
21832;null;null;;False;13
21836;null;null;;False;13
21840;null;null;;False;13
21845;null;null;;False;13
21850;null;null;;False;13
21859;null;null;;False;13
21861;null;null;;False;13
21866;null;null;;False;13
21870;null;null;;False;13
21874;null;null;;False;13
21879;null;null;;False;13
21883;null;null;;False;13
21888;null;null;;False;13
21892;null;null;;False;13
21898;null;null;;False;13
21901;null;null;;False;13
21906;null;null;;False;13
21910;null;null;;False;13
21915;null;null;;False;13
21919;null;null;;False;13
21923;null;null;;False;13
21929;null;null;;False;13
21933;null;null;;False;13
21937;null;null;;False;13
21942;null;null;;False;13
21946;null;null;;False;13
21951;null;null;;False;13
21963;null;null;;False;13
21967;null;null;;False;13
21971;null;null;;False;13
21978;null;null;;False;13
21982;null;null;;False;13
21985;null;null;;False;13
21991;null;null;;False;13
21995;null;null;;False;13
21999;null;null;;False;13
22004;null;null;;False;13
22009;null;null;;False;13
22013;null;null;;False;13
22017;null;null;;False;13
22022;null;null;;False;13
22026;null;null;;False;13
22031;null;null;;False;13
22035;null;null;;False;13
22040;null;null;;False;13
22045;null;null;;False;13
22049;null;null;;False;13
22056;null;null;;False;13
22066;null;null;;False;13
22072;null;null;;False;13
22085;null;null;;False;13
22087;null;null;;False;13
22092;null;null;;False;13
22098;null;null;;False;13
22102;null;null;;False;13
22106;null;null;;False;13
22111;null;null;;False;13
22115;null;null;;False;13
22120;null;null;;False;13
22124;null;null;;False;13
22135;null;null;;False;13
22137;null;null;;False;13
22141;null;null;;False;13
22147;null;null;;False;13
22151;null;null;;False;13
22155;null;null;;False;13
22160;null;null;;False;13
22163;null;null;;False;13
22167;null;null;;False;13
22171;null;null;;False;13
22176;null;null;;False;13
22185;null;null;;False;13
22187;null;null;;False;13
22193;null;null;;False;13
22198;null;null;;False;13
22202;null;null;;False;13
22206;null;null;;False;13
22210;null;null;;False;13
22215;null;null;;False;13
22219;null;null;;False;13
22222;null;null;;False;13
22227;null;null;;False;13
22231;null;null;;False;13
22235;null;null;;False;13
22239;null;null;;False;13
22246;null;null;;False;13
22249;null;null;;False;13
22253;null;null;;False;13
22256;null;null;;False;13
22262;null;null;;False;13
22265;null;null;;False;13
22269;null;null;;False;13
22273;null;null;;False;13
22277;null;null;;False;13
22281;null;null;;False;13
22285;null;null;;False;13
22291;null;null;;False;13
22295;null;null;;False;14
22305;null;null;;False;14
22310;null;null;;False;14
22314;null;null;;False;14
22319;null;null;;False;14
22325;null;null;;False;14
22330;null;null;;False;14
22340;null;null;;False;14
22344;null;null;;False;14
22349;null;null;;False;14
22355;null;null;;False;14
22361;null;null;;False;14
22370;null;null;;False;14
22375;null;null;;False;14
22390;null;null;;False;14
22394;null;null;;False;14
22400;null;null;;False;14
22405;null;null;;False;14
22410;null;null;;False;14
22415;null;null;;False;14
22419;null;null;;False;14
22423;null;null;;False;14
22428;null;null;;False;14
22433;null;null;;False;14
22437;null;null;;False;14
22442;null;null;;False;14
22446;null;null;;False;14
22450;null;null;;False;14
22454;null;null;;False;14
22459;null;null;;False;14
22464;null;null;;False;14
22468;null;null;;False;14
22472;null;null;;False;14
22477;null;null;;False;14
22481;null;null;;False;14
22486;null;null;;False;14
22491;null;null;;False;14
22497;null;null;;False;14
22501;null;null;;False;14
22506;null;null;;False;14
22512;null;null;;False;14
22516;null;null;;False;14
22522;null;null;;False;14
22528;null;null;;False;14
22533;null;null;;False;14
22538;null;null;;False;14
22544;null;null;;False;14
22548;null;null;;False;14
22552;null;null;;False;14
22557;null;null;;False;14
22561;null;null;;False;14
22566;null;null;;False;14
22570;null;null;;False;14
22574;null;null;;False;14
22579;null;null;;False;14
22583;null;null;;False;14
22587;null;null;;False;14
22592;null;null;;False;14
22596;null;null;;False;14
22600;null;null;;False;14
22605;null;null;;False;14
22609;null;null;;False;14
22613;null;null;;False;14
22617;null;null;;False;14
22622;null;null;;False;14
22627;null;null;;False;14
22631;null;null;;False;14
22637;null;null;;False;14
22641;null;null;;False;14
22645;null;null;;False;14
22650;null;null;;False;14
22654;null;null;;False;14
22658;null;null;;False;14
22664;null;null;;False;14
22669;null;null;;False;14
22672;null;null;;False;14
22678;null;null;;False;14
22681;null;null;;False;14
22688;null;null;;False;14
22693;null;null;;False;14
22697;null;null;;False;14
22703;null;null;;False;14
22706;null;null;;False;14
22712;null;null;;False;14
22717;null;null;;False;14
22720;null;null;;False;14
22726;null;null;;False;14
22731;null;null;;False;14
22736;null;null;;False;14
22741;null;null;;False;14
22746;null;null;;False;14
22751;null;null;;False;14
22756;null;null;;False;14
22760;null;null;;False;14
22764;null;null;;False;14
22768;null;null;;False;14
22774;null;null;;False;14
22778;null;null;;False;14
22783;null;null;;False;14
22787;null;null;;False;14
22792;null;null;;False;14
22797;null;null;;False;14
22801;null;null;;False;14
22805;null;null;;False;14
22810;null;null;;False;14
22814;null;null;;False;14
22819;null;null;;False;14
22824;null;null;;False;14
22828;null;null;;False;14
22833;null;null;;False;14
22837;null;null;;False;14
22842;null;null;;False;14
22846;null;null;;False;14
22851;null;null;;False;14
22856;null;null;;False;14
22861;null;null;;False;14
22865;null;null;;False;14
22870;null;null;;False;14
22874;null;null;;False;14
22879;null;null;;False;14
22883;null;null;;False;14
22887;null;null;;False;14
22892;null;null;;False;14
22897;null;null;;False;14
22902;null;null;;False;14
22906;null;null;;False;14
22914;null;null;;False;14
22916;null;null;;False;14
22920;null;null;;False;14
22925;null;null;;False;14
22930;null;null;;False;14
22934;null;null;;False;14
22938;null;null;;False;14
22942;null;null;;False;14
22948;null;null;;False;14
22952;null;null;;False;14
22956;null;null;;False;14
22961;null;null;;False;14
22965;null;null;;False;14
22969;null;null;;False;14
22974;null;null;;False;14
22979;null;null;;False;14
22983;null;null;;False;14
22987;null;null;;False;14
22992;null;null;;False;14
22997;null;null;;False;14
23001;null;null;;False;14
23005;null;null;;False;14
23011;null;null;;False;14
23015;null;null;;False;14
23027;null;null;;False;14
23030;null;null;;False;14
23034;null;null;;False;14
23038;null;null;;False;14
23043;null;null;;False;14
23048;null;null;;False;14
23052;null;null;;False;14
23056;null;null;;False;14
23061;null;null;;False;14
23065;null;null;;False;14
23069;null;null;;False;14
23074;null;null;;False;14
23078;null;null;;False;14
23082;null;null;;False;14
23087;null;null;;False;14
23092;null;null;;False;14
23097;null;null;;False;14
23101;null;null;;False;14
23104;null;null;;False;14
23109;null;null;;False;14
23115;null;null;;False;14
23120;null;null;;False;14
23130;null;null;;False;14
23144;null;null;;False;14
23152;null;null;;False;14
23155;null;null;;False;14
23160;null;null;;False;14
23165;null;null;;False;14
23171;null;null;;False;14
23177;null;null;;False;14
23181;null;null;;False;14
23185;null;null;;False;14
23190;null;null;;False;14
23195;null;null;;False;14
23200;null;null;;False;14
23206;null;null;;False;14
23211;null;null;;False;14
23217;null;null;;False;14
23222;null;null;;False;14
23225;null;null;;False;14
23232;null;null;;False;14
23235;null;null;;False;14
23240;null;null;;False;14
23244;null;null;;False;14
23248;null;null;;False;14
23255;null;null;;False;14
23259;null;null;;False;14
23266;null;null;;False;14
23270;null;null;;False;14
23273;null;null;;False;14
23280;null;null;;False;14
23285;null;null;;False;14
23287;null;null;;False;14
23291;null;null;;False;14
23298;null;null;;False;14
23302;null;null;;False;14
23305;null;null;;False;14
23313;null;null;;False;14
23317;null;null;;False;14
23321;null;null;;False;14
23329;null;null;;False;14
23334;null;null;;False;14
23337;null;null;;False;14
23346;null;null;;False;14
23350;null;null;;False;14
23353;null;null;;False;14
23360;null;null;;False;14
23363;null;null;;False;14
23368;null;null;;False;14
23373;null;null;;False;14
23377;null;null;;False;14
23383;null;null;;False;14
23385;null;null;;False;14
23393;null;null;;False;14
23397;null;null;;False;14
23400;null;null;;False;14
23404;null;null;;False;14
23408;null;null;;False;14
23414;null;null;;False;14
23417;null;null;;False;14
23423;null;null;;False;14
23426;null;null;;False;14
23431;null;null;;False;14
23434;null;null;;False;14
23440;null;null;;False;14
23443;null;null;;False;14
23448;null;null;;False;14
23452;null;null;;False;14
23456;null;null;;False;14
23461;null;null;;False;14
23465;null;null;;False;14
23470;null;null;;False;14
23472;null;null;;False;14
23478;null;null;;False;14
23480;null;null;;False;14
23487;null;null;;False;14
23489;null;null;;False;14
23494;null;null;;False;14
23497;null;null;;False;14
23503;null;null;;False;14
23505;null;null;;False;14
23511;null;null;;False;14
23514;null;null;;False;14
23519;null;null;;False;14
23522;null;null;;False;14
23527;null;null;;False;14
23530;null;null;;False;14
23535;null;null;;False;14
23538;null;null;;False;14
23543;null;null;;False;14
23548;null;null;;False;14
23552;null;null;;False;14
23557;null;null;;False;14
23560;null;null;;False;14
23566;null;null;;False;14
23569;null;null;;False;14
23574;null;null;;False;14
23578;null;null;;False;14
23583;null;null;;False;14
23587;null;null;;False;14
23592;null;null;;False;14
23597;null;null;;False;14
23600;null;null;;False;14
23604;null;null;;False;14
23608;null;null;;False;14
23614;null;null;;False;14
23617;null;null;;False;14
23622;null;null;;False;14
23625;null;null;;False;14
23631;null;null;;False;14
23634;null;null;;False;14
23639;null;null;;False;14
23645;null;null;;False;14
23647;null;null;;False;14
23651;null;null;;False;14
23655;null;null;;False;14
23661;null;null;;False;14
23665;null;null;;False;14
23668;null;null;;False;14
23672;null;null;;False;14
23677;null;null;;False;14
23680;null;null;;False;14
23684;null;null;;False;14
23688;null;null;;False;14
23693;null;null;;False;14
23696;null;null;;False;14
23701;null;null;;False;14
23704;null;null;;False;14
23709;null;null;;False;14
23713;null;null;;False;14
23718;null;null;;False;14
23720;null;null;;False;14
23725;null;null;;False;14
23729;null;null;;False;14
23734;null;null;;False;14
23737;null;null;;False;14
23742;null;null;;False;14
23746;null;null;;False;14
23751;null;null;;False;14
23755;null;null;;False;14
23759;null;null;;False;14
23764;null;null;;False;14
23767;null;null;;False;14
23773;null;null;;False;14
23776;null;null;;False;14
23781;null;null;;False;14
23784;null;null;;False;14
23788;null;null;;False;14
23793;null;null;;False;14
23797;null;null;;False;14
23801;null;null;;False;14
23806;null;null;;False;14
23809;null;null;;False;14
23813;null;null;;False;14
23817;null;null;;False;14
23821;null;null;;False;14
23825;null;null;;False;14
23830;null;null;;False;14
23834;null;null;;False;14
23838;null;null;;False;14
23843;null;null;;False;14
23848;null;null;;False;14
23851;null;null;;False;14
23855;null;null;;False;14
23860;null;null;;False;14
23864;null;null;;False;14
23868;null;null;;False;14
23871;null;null;;False;14
23876;null;null;;False;14
23880;null;null;;False;14
23885;null;null;;False;14
23888;null;null;;False;14
23894;null;null;;False;14
23897;null;null;;False;14
23902;null;null;;False;14
23905;null;null;;False;14
23910;null;null;;False;14
23914;null;null;;False;14
23919;null;null;;False;14
23922;null;null;;False;14
23929;null;null;;False;14
23933;null;null;;False;14
23935;null;null;;False;14
23940;null;null;;False;14
23944;null;null;;False;14
23948;null;null;;False;14
23952;null;null;;False;14
23956;null;null;;False;14
23960;null;null;;False;14
23964;null;null;;False;14
23967;null;null;;False;14
23972;null;null;;False;14
23976;null;null;;False;14
23981;null;null;;False;14
23984;null;null;;False;14
23989;null;null;;False;14
23993;null;null;;False;14
23996;null;null;;False;14
24000;null;null;;False;14
24004;null;null;;False;14
24009;null;null;;False;14
24013;null;null;;False;14
24017;null;null;;False;14
24020;null;null;;False;14
24025;null;null;;False;14
24031;null;null;;False;14
24034;null;null;;False;14
24038;null;null;;False;14
24043;null;null;;False;14
24048;null;null;;False;14
24052;null;null;;False;14
24056;null;null;;False;14
24062;null;null;;False;14
24065;null;null;;False;14
24069;null;null;;False;14
24072;null;null;;False;14
24077;null;null;;False;14
24080;null;null;;False;14
24087;null;null;;False;14
24090;null;null;;False;14
24096;null;null;;False;14
24100;null;null;;False;14
24104;null;null;;False;14
24109;null;null;;False;14
24113;null;null;;False;14
24119;null;null;;False;14
24123;null;null;;False;14
24128;null;null;;False;14
24135;null;null;;False;14
24138;null;null;;False;14
24143;null;null;;False;14
24148;null;null;;False;14
24152;null;null;;False;14
24157;null;null;;False;14
24163;null;null;;False;14
24167;null;null;;False;14
24173;null;null;;False;14
24177;null;null;;False;14
24183;null;null;;False;14
24186;null;null;;False;14
24190;null;null;;False;14
24197;null;null;;False;14
24200;null;null;;False;14
24204;null;null;;False;14
24208;null;null;;False;14
24214;null;null;;False;14
24217;null;null;;False;14
24221;null;null;;False;14
24225;null;null;;False;14
24229;null;null;;False;14
24233;null;null;;False;14
24236;null;null;;False;14
24241;null;null;;False;14
24245;null;null;;False;14
24249;null;null;;False;14
24253;null;null;;False;14
24257;null;null;;False;14
24263;null;null;;False;14
24266;null;null;;False;14
24270;null;null;;False;14
24275;null;null;;False;14
24279;null;null;;False;14
24283;null;null;;False;14
24287;null;null;;False;14
24293;null;null;;False;14
24296;null;null;;False;14
24300;null;null;;False;14
24304;null;null;;False;14
24308;null;null;;False;14
24312;null;null;;False;14
24316;null;null;;False;14
24320;null;null;;False;14
24324;null;null;;False;14
24328;null;null;;False;14
24332;null;null;;False;14
24336;null;null;;False;14
24339;null;null;;False;14
24344;null;null;;False;14
24347;null;null;;False;14
24352;null;null;;False;14
24358;null;null;;False;14
24360;null;null;;False;14
24364;null;null;;False;14
24368;null;null;;False;14
24372;null;null;;False;14
24376;null;null;;False;14
24380;null;null;;False;14
24384;null;null;;False;14
24388;null;null;;False;14
24392;null;null;;False;14
24396;null;null;;False;14
24401;null;null;;False;14
24405;null;null;;False;14
24409;null;null;;False;14
24413;null;null;;False;14
24417;null;null;;False;14
24421;null;null;;False;14
24426;null;null;;False;14
24430;null;null;;False;14
24434;null;null;;False;14
24438;null;null;;False;14
24442;null;null;;False;14
24447;null;null;;False;14
24451;null;null;;False;14
24454;null;null;;False;14
24459;null;null;;False;14
24464;null;null;;False;14
24472;null;null;;False;14
24476;null;null;;False;14
24482;null;null;;False;14
24487;null;null;;False;14
24497;null;null;;False;14
24503;null;null;;False;14
24506;null;null;;False;14
24512;null;null;;False;14
24515;null;null;;False;14
24520;null;null;;False;14
24527;null;null;;False;14
24530;null;null;;False;14
24536;null;null;;False;14
24539;null;null;;False;14
24545;null;null;;False;14
24551;null;null;;False;14
24554;null;null;;False;14
24559;null;null;;False;14
24567;null;null;;False;14
24570;null;null;;False;14
24576;null;null;;False;14
24581;null;null;;False;14
24585;null;null;;False;14
24591;null;null;;False;14
24596;null;null;;False;14
24600;null;null;;False;14
24608;null;null;;False;14
24612;null;null;;False;14
24616;null;null;;False;14
24623;null;null;;False;14
24628;null;null;;False;14
24632;null;null;;False;14
24639;null;null;;False;14
24641;null;null;;False;14
24646;null;null;;False;14
24650;null;null;;False;14
24656;null;null;;False;14
24661;null;null;;False;14
24664;null;null;;False;14
24669;null;null;;False;14
24673;null;null;;False;14
24679;null;null;;False;14
24683;null;null;;False;14
24688;null;null;;False;14
24692;null;null;;False;14
24696;null;null;;False;14
24702;null;null;;False;14
24705;null;null;;False;14
24710;null;null;;False;14
24714;null;null;;False;14
24718;null;null;;False;14
24722;null;null;;False;14
24727;null;null;;False;14
24731;null;null;;False;14
24735;null;null;;False;14
24740;null;null;;False;14
24743;null;null;;False;14
24749;null;null;;False;14
24752;null;null;;False;14
24757;null;null;;False;14
24760;null;null;;False;14
24769;null;null;;False;14
24775;null;null;;False;14
24781;null;null;;False;14
24787;null;null;;False;14
24794;null;null;;False;14
24800;null;null;;False;14
24805;null;null;;False;14
24812;null;null;;False;14
24822;null;null;;False;14
24827;null;null;;False;14
24833;null;null;;False;14
24837;null;null;;False;14
24840;null;null;;False;14
24846;null;null;;False;14
24849;null;null;;False;14
24854;null;null;;False;14
24856;null;null;;False;14
24862;null;null;;False;14
24864;null;null;;False;14
24869;null;null;;False;14
24872;null;null;;False;14
24878;null;null;;False;14
24881;null;null;;False;14
24886;null;null;;False;14
24889;null;null;;False;14
24895;null;null;;False;14
24898;null;null;;False;14
24903;null;null;;False;14
24907;null;null;;False;14
24912;null;null;;False;14
24917;null;null;;False;14
24920;null;null;;False;14
24926;null;null;;False;14
24931;null;null;;False;14
24937;null;null;;False;14
24943;null;null;;False;14
24948;null;null;;False;14
24953;null;null;;False;14
24959;null;null;;False;14
24964;null;null;;False;14
24971;null;null;;False;14
24974;null;null;;False;14
24981;null;null;;False;14
24984;null;null;;False;14
24989;null;null;;False;14
24994;null;null;;False;14
24999;null;null;;False;14
25004;null;null;;False;14
25008;null;null;;False;14
25014;null;null;;False;14
25018;null;null;;False;14
25023;null;null;;False;14
25029;null;null;;False;14
25033;null;null;;False;14
25037;null;null;;False;14
25041;null;null;;False;14
25047;null;null;;False;14
25051;null;null;;False;14
25054;null;null;;False;14
25059;null;null;;False;14
25064;null;null;;False;14
25068;null;null;;False;14
25072;null;null;;False;14
25076;null;null;;False;14
25080;null;null;;False;14
25084;null;null;;False;14
25088;null;null;;False;14
25092;null;null;;False;14
25096;null;null;;False;14
25100;null;null;;False;14
25104;null;null;;False;14
25108;null;null;;False;14
25113;null;null;;False;14
25116;null;null;;False;14
25120;null;null;;False;14
25124;null;null;;False;14
25128;null;null;;False;14
25132;null;null;;False;14
25136;null;null;;False;14
25140;null;null;;False;14
25144;null;null;;False;14
25148;null;null;;False;14
25152;null;null;;False;14
25156;null;null;;False;14
25160;null;null;;False;14
25165;null;null;;False;14
25168;null;null;;False;14
25172;null;null;;False;14
25177;null;null;;False;14
25180;null;null;;False;14
25183;null;null;;False;14
25187;null;null;;False;14
25191;null;null;;False;14
25195;null;null;;False;14
25199;null;null;;False;14
25203;null;null;;False;14
25207;null;null;;False;14
25216;null;null;;False;14
25218;null;null;;False;14
25221;null;null;;False;14
25225;null;null;;False;14
25229;null;null;;False;14
25233;null;null;;False;14
25237;null;null;;False;14
25241;null;null;;False;14
25246;null;null;;False;14
25249;null;null;;False;14
25254;null;null;;False;14
25258;null;null;;False;14
25262;null;null;;False;14
25266;null;null;;False;14
25271;null;null;;False;14
25275;null;null;;False;14
25279;null;null;;False;14
25284;null;null;;False;14
25289;null;null;;False;14
25293;null;null;;False;14
25297;null;null;;False;14
25302;null;null;;False;14
